BoreholeID,GeologyID,DepthTop,DepthBase
BH-001,Undefined,0.3,21.34
BH-001,ASPHALT,0,0.3
BH-001,TTC-G4,23.93,25.45
BH-002,ASPHALT,0,0.3
BH-003,ASPHALT,0,0.28
BH-003,FILL,0.58,1.52
BH-003,FILL,2.29,3.05
BH-004,TTC-G3N,14.8,17.8
BH-004,TTC-G4,8.7,11.7
BH-005,TTC-G3N,14.78,16.31
BH-005,TTC-G3N,3.81,8.7
BH-005,FILL,1.1,1.8
BH-005,ASPHALT,0,0.28
BH-005,TTC-G5,16.31,18.3
BH-005,TTC-G4,8.7,11.73
BH-005,FILL,0.28,0.58
BH-004,ASPHALT,0,0.21
BH-006,FILL,0.52,1.52
BH-006,ASPHALT,0,0.15
BH-005,TTC-G3N,23.93,27.69
BH-007,TOPSOIL,0,0.15
BH-008,FILL,0.13,0.45
BH-008,FILL,0.76,1.52
BH-008,TTC-G3N,2.29,5.33
BH-008,ASPHALT,0,0.13
BH-009,TTC-G3N,2,4.57
BH-009,TOPSOIL,0,0.2
BH-009,TTC-G5,16.31,19.35
BH-009,FILL,0.76,2
BH-010,TTC-G3N,0.76,4.57
BH-010,TTC-G5,16.31,19.35
BH-010,TOPSOIL,0,0.15
BH-011,ASPHALT,0,0.13
BH-011,TTC-G4,13.26,16.31
BH-003,TTC-G3N,13.26,17.83
BH-003,TTC-G3N,3.81,7.16
BH-002,FILL,0.3,1
BH-002,TTC-G3N,6.1,7.16
BH-002,FILL,5.33,6.1
BH-002,FILL,2.29,3.5
BH-001,TTC-G4,30.02,31.09
BH-011,TTC-G3N,2.29,5.33
BH-012,TTC-G3N,23.93,27.69
BH-012,TTC-G4,8.7,13.26
BH-012,ASPHALT,0,0.32
BH-012,TTC-G5,13.26,19.35
BH-012,TTC-G3N,3.05,7.16
BH-013,Undefined,0.25,3.05
BH-013,TTC-G5,7.16,9.5
BH-013,ASPHALT,0,0.25
BH-013,TTC-G5,14.5,17.8
BH-013,TTC-G3N,25.45,30.89
BH-014,FILL,0.05,1.52
BH-015,TTC-G3N,1,3.05
BH-015,TTC-G4,14.78,17.83
BH-015,FILL,0.46,1
BH-015,TTC-G5,17.83,19.35
BH-015,ASPHALT,0,0.1
BH-015,TTC-G3N,5.33,14.78
BH-014,TOPSOIL,0,0.05
BH-016,TTC-G4,26.97,27.61
BH-016,TTC-G3N,1.52,8.7
BH-016,ASPHALT,0,0.1
BH-016,TTC-G4,10.2,11.73
BH-016,TTC-G5,16.31,19.35
BH-016,FILL,0.25,0.76
BH-017,ASPHALT,0,0.13
BH-017,TTC-G3N,3.05,8.23
BH-018,ASPHALT,0,0.3
BH-018,TTC-G3N,13.26,14.78
BH-018,TTC-G3N,7.16,10.2
BH-018,TTC-G5,16.31,17.83
BH-019,FILL,0.03,0.76
BH-019,TTC-G4,17.83,19.35
BH-019,TTC-G5,15.57,16.31
BH-019,ASPHALT,0,0.03
BH-019,TTC-G3N,2.29,4.57
BH-019,TTC-G4,30.02,30.61
BH-020,TTC-G5,11.73,15.39
BH-020,TTC-G5,7.16,8.69
BH-020,ASPHALT,0,0.15
BH-020,TTC-G5,16.31,19.35
BH-021,Undefined,0.27,3.05
BH-021,TTC-G4,23.93,26.97
BH-021,TTC-G3N,13.26,18.42
BH-021,ASPHALT,0,0.27
BH-022,TTC-G3N,25.45,28.02
BH-022,FILL,0.23,0.53
BH-022,ASPHALT,0,0.23
BH-022,TTC-G5,13.26,17.83
BH-022,TTC-G3N,7.16,13.26
BH-023,TOPSOIL,0,0.3
BH-023,FILL,1.52,2.29
BH-023,TTC-G4,28.5,31.55
BH-023,TTC-G5,20.12,20.88
BH-023,TTC-G4,8.7,11.73
BH-024,FILL,1.52,3.25
BH-024,TTC-G3N,15.24,18.29
BH-024,TTC-G4,27.74,29.95
BH-024,TTC-G5,6.86,8.28
BH-025,TTC-G3N,4.27,7.16
BH-025,FILL,0.76,1.52
BH-025,TTC-G3N,1.52,2.29
BH-025,TOPSOIL,0,0.3
BH-025,TTC-G4,7.16,8.7
BH-025,TTC-G4,26.97,30.02
BH-026,FILL,3.05,5.49
BH-026,FILL,1.52,3.05
BH-026,FILL,0.15,1.52
BH-026,TTC-G3N,5.49,13.29
BH-026,TOPSOIL,0,0.15
BH-027,FILL,0,0.3
BH-028,FILL,0,0.28
BH-029,FILL,0,0.2
BH-030,TTC-G4,17.8,19.3
BH-030,TTC-G4,27.1,31.6
BH-030,TOPSOIL,0,0.1
BH-030,FILL,0.1,2.3
BH-030,TTC-G2,8.4,13.3
BH-030,TTC-G2,2.3,4.6
BH-031,FILL,0,0.68
BH-032,ASPHALT,0.2,0.43
BH-033,TTC-G6,25.45,30.86
BH-033,TTC-G3N,20.88,25.45
BH-033,TTC-G1,19.35,20.88
BH-033,TTC-G2,4.88,5.64
BH-033,TTC-G4,3.81,4.27
BH-033,TTC-G3N,0.25,3.81
BH-033,TOPSOIL,0,0.08
BH-033,TTC-G3N,5.64,11.73
BH-033,TTC-G2,11.73,13.26
BH-033,ASPHALT,0.08,0.25
BH-033,TTC-G3N,13.26,19.35
BH-033,TTC-G3N,4.27,4.88
BH-030,TTC-G3C,37.6,40.23
BH-034,FILL,0.46,3.05
BH-034,ASPHALT,0,0.15
BH-034,FILL,0.15,0.46
BH-034,FILL,3.05,3.81
BH-034,TTC-G6,30.02,30.78
BH-034,TTC-G3N,3.81,7.16
BH-034,TTC-G3N,7.16,20.88
BH-034,TTC-G2,25.45,26.97
BH-035,ALLUVIUM,3.35,4.57
BH-035,TOPSOIL,0,0.15
BH-035,FILL,0.15,2.29
BH-035,FILL,2.29,3.35
BH-035,TTC-G3N,4.57,7.16
BH-035,TTC-G6,23.93,35.2
BH-036,FILL,0,1.52
BH-035,TTC-G2,35.2,40.23
BH-037,FILL,0,0.76
BH-038,FILL,0,0.3
BH-039,FILL,0,0.23
BH-040,FILL,0,0.3
BH-041,FILL,0,0.15
BH-042,FILL,0,0.08
BH-042,FILL,0.69,1.98
BH-043,FILL,0,0.3
BH-044,FILL,0,0.2
BH-045,FILL,0,0.03
BH-046,FILL,0,0.22
BH-047,FILL,0,0.24
BH-048,FILL,0,1.07
BH-049,FILL,0,2.44
BH-050,FILL,0,0.22
BH-051,FILL,0,0.3
BH-052,FILL,0,2.21
BH-053,FILL,0,1.83
BH-054,FILL,0,0.23
BH-055,FILL,0,0.12
BH-056,FILL,0,0.91
BH-057,FILL,0,0.28
BH-058,FILL,0,0.2
BH-059,FILL,0,0.2
BH-060,FILL,0,0.3
BH-061,FILL,0,0.15
BH-062,FILL,0,0.23
BH-063,FILL,0,1.45
BH-064,FILL,0,0.08
BH-065,FILL,0,1.83
BH-066,FILL,0,0.24
BH-067,FILL,0,3.73
BH-068,FILL,0,1.07
BH-068,TTC-G6,5.64,7.01
BH-069,FILL,0,0.1
BH-070,FILL,0,0.28
BH-071,FILL,0,0.15
BH-072,FILL,0,0.08
BH-073,FILL,0,1.22
BH-074,FILL,0,3.05
BH-075,FILL,0,1.52
BH-076,FILL,0,3.05
BH-077,FILL,0,0.25
BH-078,FILL,0,2.59
BH-079,FILL,0,0.76
BH-080,FILL,0,3.73
BH-081,FILL,0,3.05
BH-082,FILL,0,0.69
BH-083,FILL,0,0.61
BH-084,FILL,0,3.05
BH-085,FILL,0,1.45
BH-087,FILL,0,0.15
BH-088,FILL,0,1.45
BH-089,FILL,0,5.33
BH-090,FILL,0,0.1
BH-092,FILL,0,1.45
BH-093,FILL,0,0.7
BH-094,FILL,0,0.15
BH-095,FILL,0,0.08
BH-096,FILL,0,0.16
BH-097,FILL,0,0.17
BH-099,FILL,0,0.69
BH-100,FILL,0,0.3
BH-101,FILL,0,0.69
BH-102,FILL,0,0.77
BH-103,FILL,0,0.07
BH-104,FILL,0,0.46
BH-104,Undefined,0.76,3.05
BH-105,FILL,0,4.5
BH-106,FILL,0,5.64
BH-107,FILL,0,1.52
BH-108,FILL,0,0.37
BH-109,FILL,0,0.69
BH-110,FILL,0,0.69
BH-111,FILL,0,0.69
BH-112,FILL,0,3.66
BH-113,FILL,0,2.29
BH-114,FILL,0,1.45
BH-115,FILL,0,1.45
BH-116,FILL,0,0.14
BH-117,FILL,0,1.45
BH-118,FILL,0,1.45
BH-119,FILL,0,0.76
BH-120,FILL,0,0.12
BH-121,FILL,0,0.3
BH-122,FILL,0,0.69
BH-123,FILL,0,1.45
BH-124,FILL,0,0.15
BH-125,FILL,0.1,0.4
BH-126,FILL,0,0.1
BH-125,FILL,0,0.1
BH-126,FILL,0.1,0.5
BH-127,FILL,0.1,0.28
BH-127,FILL,0,0.1
BH-128,FILL,0,3.1
BH-129,FILL,0,4.5
BH-131,FILL,0,0.26
BH-132,FILL,0,0.17
BH-133,FILL,0,5.64
BH-134,FILL,0.1,0.38
BH-134,FILL,0,0.1
BH-135,FILL,0,0.13
BH-136,FILL,0,2.21
BH-137,FILL,0,0.13
BH-138,FILL,0,3.73
BH-139,FILL,0,0.69
BH-140,FILL,0,0.1
BH-140,FILL,0.1,0.3
BH-141,FILL,0,1.45
BH-142,FILL,0,0.26
BH-143,FILL,0,0.26
BH-144,FILL,0,0.27
BH-145,FILL,0,0.15
BH-146,FILL,0,0.26
BH-147,FILL,0,0.32
BH-148,FILL,0,0.38
BH-149,FILL,0,0.28
BH-150,FILL,0,0.3
BH-151,FILL,0,0.3
BH-152,FILL,0,0.3
BH-153,FILL,0,0.36
BH-154,FILL,0,3.05
BH-155,FILL,0,0.36
BH-156,FILL,0,0.3
BH-157,FILL,0,0.15
BH-158,FILL,0,0.15
BH-159,FILL,0,0.36
BH-160,FILL,0,0.13
BH-161,FILL,0,0.08
BH-162,FILL,0,0.07
BH-162,TTC-G2,45.52,46.23
BH-163,FILL,0,0.2
BH-165,FILL,0,0.08
BH-166,FILL,0,0.15
BH-167,FILL,0,0.2
BH-168,FILL,0,0.09
BH-169,FILL,0,0.08
BH-170,FILL,0,0.08
BH-172,FILL,0,0.06
BH-173,FILL,0,0.2
BH-174,FILL,0,0.13
BH-175,FILL,0,0.06
BH-176,FILL,0,0.1
BH-176,FILL,0.1,0.61
BH-177,FILL,0.13,0.46
BH-177,FILL,0,0.13
BH-178,FILL,0,0.3
BH-179,FILL,0,0.15
BH-180,FILL,0,0.46
BH-181,FILL,0,0.3
BH-181,FILL,0.3,0.71
BH-182,FILL,0,0.33
BH-183,FILL,0,0.3
BH-184,FILL,0,0.15
BH-185,FILL,0,0.08
BH-186,FILL,0.38,0.69
BH-186,FILL,0,0.38
BH-187,FILL,0,0.15
BH-188,FILL,0,0.4
BH-189,FILL,0,0.15
BH-190,FILL,0.3,0.83
BH-190,FILL,0,0.3
BH-192,FILL,0,0.13
BH-192,FILL,0.13,0.56
BH-193,FILL,0,0.23
BH-194,FILL,0,0.2
BH-195,FILL,0.1,0.31
BH-195,FILL,0,0.1
BH-196,FILL,0,1.83
BH-197,FILL,0,0.3
BH-198,FILL,0,0.35
BH-199,FILL,0,0.33
BH-201,FILL,0,0.32
BH-202,FILL,0,0.27
BH-203,FILL,0,0.08
BH-204,FILL,0,0.12
BH-205,FILL,0,0.1
BH-206,FILL,0,0.83
BH-207,FILL,0,0.1
BH-208,FILL,0,0.2
BH-209,FILL,0,0.1
BH-210,FILL,0,0.23
BH-211,FILL,0,0.15
BH-212,FILL,0,0.61
BH-213,FILL,0,0.55
BH-214,FILL,0,0.08
BH-215,TOPSOIL,2.7,3.1
BH-215,CONCRETE,0.1,0.3
BH-215,ASPHALT,0,0.1
BH-216,FILL,0,0.66
BH-217,FILL,0,0.54
BH-220,TOPSOIL,0,0.2
BH-220,TOPSOIL,6.5,7.2
BH-221,TOPSOIL,0,0.2
BH-221,TOPSOIL,6.5,6.9
BH-222,FILL,0,0.2
BH-223,FILL,0,0.04
BH-225,ASPHALT,0,0.1
BH-225,CONCRETE,0.1,0.3
BH-226,FILL,0,0.1
BH-227,CONCRETE,0.1,0.3
BH-227,TTC-G4,11.7,19.4
BH-227,ASPHALT,0,0.1
BH-228,FILL,0,0.2
BH-229,FILL,0,0.07
BH-231,FILL,0,0.2
BH-233,FILL,0,2.74
BH-234,FILL,0,0.23
BH-235,FILL,0,0.09
BH-238,FILL,0,0.27
BH-239,FILL,0,0.12
BH-240,FILL,0,0.1
BH-242,FILL,0,0.1
BH-243,FILL,0,0.1
BH-244,FILL,0,0.08
BH-234,TTC-G3N,0.63,3.05
BH-233,TTC-G4,4.27,15.24
BH-232,TTC-G3N,8.69,14.78
BH-230,TTC-G4,5.07,9.99
BH-228,FILL,1.52,3.81
BH-226,TTC-G3N,2.7,4.57
BH-223,TTC-G3N,1.52,5.6
BH-222,TTC-G3N,33,43.7
BH-222,TTC-G3N,11.7,22.3
BH-222,TTC-G3N,23.9,33
BH-222,TTC-G3N,9.3,11.7
BH-217,TTC-G4,46.8,49.8
BH-217,TTC-G3N,35.2,45.3
BH-216,TTC-G3N,16.3,30
BH-216,TTC-G3N,10.2,16.3
BH-217,TTC-G3N,8.7,31.55
BH-216,TTC-G3N,33.1,46.8
BH-213,TTC-G3N,2.29,4.3
BH-213,TTC-G3N,33.1,42.2
BH-213,TTC-G3N,8.7,14.6
BH-211,TTC-G3N,1.52,4.57
BH-208,TTC-G2,33,34.4
BH-208,TTC-G2,36.1,39.17
BH-203,TTC-G3N,2.29,10.21
BH-203,FILL,0.08,2.29
BH-195,TTC-G4,1.52,4.57
BH-195,FILL,0.31,1.52
BH-192,TTC-G4,45.3,46.8
BH-192,TTC-G3N,3.05,3.81
BH-190,TTC-G4,31.5,39.2
BH-187,TTC-G4,2.21,9.4
BH-186,TTC-G4,30.1,37.6
BH-180,TTC-G4,23.89,34.57
BH-178,TTC-G3N,32.8,40.2
BH-177,TTC-G4,2.29,3.05
BH-171,FILL,0,2.97
BH-172,TTC-G4,52.88,57.45
BH-165,TTC-G4,29.91,34.34
BH-164,TTC-G3N,1.98,10.95
BH-157,TTC-G3N,1.45,4.5
BH-151,TTC-G4,5.26,11.73
BH-148,TTC-G4,17.65,25.36
BH-147,TTC-G4,11.55,14.58
BH-147,TTC-G4,3.05,5.26
BH-142,TTC-G4,0.72,2.21
BH-140,TTC-G3N,7.16,14.79
BH-140,TTC-G3N,3.81,7.16
BH-140,FILL,0.3,2.44
BH-141,TTC-G3N,1.45,8.69
BH-136,TTC-G3N,2.21,7.16
BH-136,TTC-G3N,7.16,16.31
BH-137,TTC-G4,22.41,27
BH-135,TTC-G4,22.41,37.66
BH-135,TTC-G4,14.79,19.36
BH-134,TTC-G4,48.31,49.83
BH-134,TTC-G3N,3.81,10.21
BH-133,TTC-G4,45.26,49.83
BH-133,TTC-G4,43.74,45.26
BH-127,TTC-G3N,3.05,5.64
BH-126,TTC-G3N,5.64,16.31
BH-126,TTC-G4,23.93,36.13
BH-125,TTC-G3N,3.05,17.83
BH-126,TTC-G3N,3.81,5.64
BH-121,TTC-G3N,1.22,6.1
BH-119,TTC-G4,30.02,32.92
BH-119,TTC-G4,19.35,26.97
BH-116,TTC-G3N,17.8,27
BH-116,TTC-G4,13.2,16.3
BH-113,TTC-G4,33.07,37.64
BH-111,TTC-G4,7.16,8.69
BH-105,TTC-G3N,4.5,5.64
BH-104,TTC-G4,52.88,60.5
BH-101,TTC-G4,34.44,37.64
BH-100,FILL,2.29,4.78
BH-098,TTC-G4,11.73,19.13
BH-095,TTC-G4,2.21,25.45
BH-090,TTC-G4,52.64,58.89
BH-088,TTC-G4,16.31,21
BH-087,TTC-G4,13.3,14.8
BH-079,TTC-G4,28.5,30.02
BH-078,TTC-G4,44.3,50.57
BH-078,TTC-G3N,2.59,5.64
BH-078,TTC-G4,22.4,23.93
BH-076,TTC-G5,22.92,24.99
BH-072,TTC-G4,48.77,53.34
BH-037,TTC-G4,11.73,14.78
BH-027,TTC-G2,28.3,31.39
BH-031,TTC-G4,30.02,31.09
BH-054,TTC-G2,14.78,20.73
BH-053,TTC-G2,17.22,20
BH-053,TTC-G2,20,21.61
BH-072,TTC-G2,42.67,48.77
BH-072,TTC-G2,6.1,12.19
BH-069,TTC-G2,20.88,25.45
BH-062,TTC-G2,16.21,20.69
BH-061,TTC-G2,5.64,8.61
BH-061,TTC-G2,23.77,25.22
BH-061,TTC-G2,20.73,22.33
BH-061,TTC-G2,2.21,3.74
BH-060,TTC-G2,17.68,20.65
BH-059,TTC-G2,18.49,25.3
BH-075,TTC-G2,40.69,49.83
BH-075,TTC-G2,8.69,10.21
BH-075,TTC-G2,17.83,20.88
BH-075,TTC-G2,13.26,14.78
BH-078,TTC-G2,37.64,42.82
BH-079,TTC-G2,14.78,17.83
BH-080,TTC-G2,14.78,19.35
BH-079,TTC-G2,45.26,50.42
BH-080,TTC-G2,25.45,28.5
BH-082,TTC-G2,45.26,45.85
BH-082,TTC-G2,32.92,34.44
BH-086,TTC-G2,46.79,54.24
BH-086,TTC-G2,19.2,28.42
BH-085,TTC-G2,37.64,40
BH-085,TTC-G2,16,17.8
BH-085,TTC-G2,40,50.65
BH-088,TTC-G2,13.26,16.31
BH-095,TTC-G2,46.79,54.33
BH-094,TTC-G2,43.66,58.98
BH-093,TTC-G2,36.1,41.26
BH-092,TTC-G2,31.55,43.74
BH-092,ALLUVIUM,1.45,2.21
BH-098,TTC-G2,48.31,51.18
BH-101,TTC-G2,14.63,23.93
BH-104,TTC-G2,48.01,51.21
BH-109,TTC-G2,17.83,19.35
BH-108,TTC-G2,14.78,23.93
BH-108,TTC-G2,46.79,52.64
BH-109,TTC-G2,25.45,28.5
BH-111,TTC-G2,14.78,17.83
BH-109,TTC-G2,40.69,48.31
BH-110,TTC-G2,17.83,22.4
BH-112,TTC-G2,26.97,34.59
BH-113,TTC-G2,19.35,26.97
BH-114,TTC-G2,10.21,19.35
BH-115,TTC-G2,20.88,23.93
BH-116,TTC-G4,27,31.5
BH-117,TTC-G2,19.35,26.97
BH-118,TTC-G2,48.31,58.98
BH-119,TTC-G1,13.26,19.35
BH-119,TTC-G2,11.73,13.26
BH-120,TTC-G2,10.2,13.3
BH-121,TTC-G2,25.15,37.35
BH-122,TTC-G1,16.31,19.35
BH-124,TTC-G2,16.4,17.84
BH-125,TTC-G2,48.31,55.93
BH-126,TTC-G2,19.36,23.93
BH-126,TTC-G2,48.33,54.42
BH-127,TTC-G2,31.55,34.6
BH-129,TTC-G2,4.5,11.73
BH-129,TTC-G2,36.12,45.26
BH-133,TTC-G2,34.59,43.74
BH-134,TTC-G2,49.83,55.93
BH-137,TTC-G2,14.79,16.31
BH-137,TTC-G2,27,33
BH-136,TTC-G2,49.68,59.89
BH-137,TTC-G2,49.85,58.7
BH-140,TTC-G2,14.79,22.41
BH-142,TTC-G2,43.74,48.08
BH-142,TTC-G2,5.55,13.08
BH-143,TTC-G2,17.37,33.32
BH-144,TTC-G2,24.38,35.87
BH-143,TTC-G2,43.21,54.86
BH-144,TTC-G2,45.29,59.44
BH-149,TTC-G2,42.67,54.86
BH-147,TTC-G2,43.74,47.47
BH-147,TTC-G2,14.58,34.33
BH-148,TTC-G2,25.36,29.92
BH-149,TTC-G2,17.83,30.58
BH-150,TTC-G2,10.05,22.19
BH-153,TTC-G2,11.58,14.78
BH-153,TTC-G2,25.98,34.34
BH-155,TTC-G1,10.05,14.59
BH-155,TTC-G2,42.21,55.82
BH-154,TTC-G2,10.67,32.33
BH-154,TTC-G2,43.59,47.24
BH-154,TTC-G2,7.62,9.7
BH-156,TTC-G2,44.22,48.16
BH-158,TTC-G2,8.69,34.37
BH-157,TTC-G2,22.35,32.8
BH-159,TTC-G2,16.76,30.76
BH-159,TTC-G2,42.67,53.19
BH-166,TTC-G2,28.96,33.53
BH-166,TTC-G2,44.27,45.72
BH-165,TTC-G2,43.74,47.52
BH-167,TTC-G2,19.33,34.33
BH-167,TTC-G2,44.27,46.02
BH-172,TTC-G2,43.53,52.88
BH-177,TTC-G2,46.8,54.42
BH-180,TTC-G2,34.57,39.7
BH-181,TTC-G2,25.4,30
BH-188,TTC-G2,16.04,19.25
BH-190,TTC-G2,28.6,31.5
BH-192,TTC-G2,8.7,11.8
BH-192,TTC-G2,46.8,52.9
BH-193,TTC-G2,10.21,13.26
BH-193,TTC-G2,23.66,35.1
BH-195,TTC-G2,45.28,52.9
BH-197,TTC-G2,19.2,23.9
BH-203,TTC-G2,10.21,13.26
BH-203,TTC-G2,19.36,28.51
BH-203,TTC-G2,33.08,36.13
BH-203,TTC-G1,28.51,33.08
BH-203,TTC-G2,45.28,55.94
BH-204,TTC-G2,11.7,17.8
BH-211,TTC-G2,21.44,23.9
BH-218,TTC-G2,11.7,14.7
BH-226,TTC-G2,11.6,13.8
BH-230,TTC-G2,46.74,50.54
BH-233,TTC-G2,15.24,28.96
BH-233,TTC-G2,46.84,50.29
BH-234,TTC-G2,22.86,25.91
BH-236,TTC-G2,24.12,31.29
BH-235,TTC-G2,39.55,48.16
BH-244,TTC-G2,39.7,49.83
BH-192,TTC-G5,4.57,8.7
BH-192,TTC-G3N,17.8,20.8
BH-177,TTC-G5,4.57,8.69
BH-139,TTC-G5,58.98,61.57
BH-134,TTC-G5,55.93,61.48
BH-133,TTC-G5,49.83,50.75
BH-127,TTC-G5,57.47,61.59
BH-123,TTC-G3N,7.16,14.78
BH-118,TTC-G5,35.97,40.39
BH-109,TTC-G5,19.35,20.88
BH-108,TTC-G5,52.64,57.45
BH-105,TTC-G5,46.79,49.83
BH-105,TTC-G5,17.68,19.35
BH-104,TTC-G5,22.4,28.5
BH-103,TTC-G5,22.16,34.59
BH-101,TTC-G3N,0.69,5.64
BH-092,TTC-G5,43.74,50.9
BH-093,TTC-G5,16.3,19.3
BH-093,TTC-G5,3.1,5.6
BH-086,TTC-G5,32.41,40.69
BH-084,TTC-G5,22.86,27.43
BH-078,TTC-G5,14.78,19.2
BH-075,TTC-G3N,5.64,8.69
BH-063,TTC-G5,23.62,25.15
BH-068,TTC-G5,11.58,14.78
BH-070,TTC-G5,20.68,28.43
BH-050,TTC-G3N,13.26,19.15
BH-042,TTC-G5,20.88,26.97
BH-041,TTC-G3N,2.21,7.16
BH-037,TTC-G5,24.38,29.11
BH-032,TTC-G3N,8.7,19.4
BH-032,TTC-G3N,19.4,23.93
BH-054,FILL,0.23,2.36
BH-084,TTC-G2,41.15,44.2
BH-100,TTC-G2,48.22,52.88
BH-098,FILL,0,2.9
BH-103,TTC-G2,46.79,53.47
BH-102,TTC-G2,13.2,26.7
BH-108,TTC-G2,7.16,10.21
BH-120,TTC-G2,16.3,27
BH-127,TTC-G2,48.33,55.94
BH-167,TTC-G2,11.73,16.23
BH-153,TTC-G2,16.19,20.29
BH-153,TTC-G1,20.29,25.98
BH-152,TTC-G2,44.27,47.5
BH-148,TTC-G2,8.69,14.78
BH-144,TTC-G2,7.4,16.71
BH-143,TTC-G2,6.1,15.24
BH-210,TTC-G2,16.15,17.8
BH-211,TTC-G1,14.7,21.44
BH-226,TTC-G1,14.7,20.8
BH-223,TTC-G2,20.9,22.9
BH-223,TTC-G1,13.2,20.9
BH-166,TTC-G6,33.53,44.27
BH-173,TTC-G7,31.32,42.21
BH-137,TTC-G7,44,47
BH-178,TTC-G1,13.2,19.2
BH-137,FILL,0.13,0.61
BH-135,FILL,0.13,0.61
BH-046,FILL,0.22,0.38
BH-059,FILL,0.2,0.99
BH-025,FILL,0.3,0.76
BH-084,TTC-G1,7.62,11.65
BH-188,TTC-G1,19.25,25.29
BH-131,TTC-G1,9.6,13.03
BH-127,TTC-G1,23.93,31.55
BH-191,TTC-G1,36.12,38.3
BH-191,TTC-G7,38.3,42.14
BH-183,TTC-G7,36.12,42.21
BH-176,TTC-G7,22.95,24.08
BH-174,TTC-G7,33.07,38.18
BH-196,TTC-G7,36.12,43.13
BH-218,TTC-G7,9.5,11.7
BH-221,TTC-G7,42.7,45.7
BH-135,TTC-G7,42.4,46.8
BH-136,TTC-G7,41.61,48.31
BH-172,TTC-G7,37.64,39.17
BH-169,TTC-G7,39.17,43.74
BH-170,TTC-G7,39.17,43.74
BH-168,TTC-G7,41.48,42.67
BH-162,TTC-G7,41.15,44.04
BH-153,TTC-G7,37.64,43.74
BH-161,TTC-G7,40.69,43.74
BH-149,TTC-G7,36.58,42.67
BH-146,TTC-G7,39.17,43.74
BH-027,FILL,0.46,2.21
BH-026,TTC-G3C,37.61,40.23
BH-026,TTC-G5,31.49,37.61
BH-026,TTC-G5,26.97,31.49
BH-025,TTC-G3N,2.29,3.81
BH-025,TTC-G3N,16.31,17.83
BH-024,TTC-G3N,3.25,3.66
BH-024,FILL,0.9,1.52
BH-023,FILL,0.76,1.52
BH-023,TTC-G3N,7.16,8.7
BH-028,TTC-G3N,1.4,4.57
BH-030,TTC-G6,4.6,8.4
BH-030,TTC-G6,22.4,27.1
BH-030,TTC-G5,31.6,37.6
BH-019,TTC-G3N,11.73,14.78
BH-019,TTC-G3N,16.31,17.83
BH-019,FILL,0.76,2.29
BH-018,FILL,0.6,1
BH-018,TTC-G5,14.78,16.31
BH-018,TTC-G3N,6.1,7.16
BH-018,TTC-G3N,1,1.52
BH-022,FILL,0.53,3.05
BH-014,TTC-G3N,1.52,3.05
BH-014,TTC-G3N,7.16,15.29
BH-012,FILL,0.76,3.05
BH-017,FILL,0.28,0.9
BH-015,TTC-G3N,3.05,3.81
BH-016,TTC-G5,13.26,16.31
BH-010,FILL,0.15,0.76
BH-009,FILL,0.2,0.76
BH-008,TTC-G3N,1.52,2.29
BH-009,TTC-G3N,5.33,7.16
BH-010,TTC-G3N,14.78,16.31
BH-007,TTC-G3N,3.05,3.81
BH-006,TTC-G3N,4.57,5.33
BH-006,TTC-G3N,7.16,7.87
BH-004,FILL,1.8,2.29
BH-004,TTC-G3N,2.29,3.81
BH-002,FILL,1.52,2.29
BH-045,FILL,0.03,0.84
BH-046,TTC-G6,1.45,2.21
BH-044,TTC-G3N,7.16,11.73
BH-045,TTC-G3N,13.26,19.35
BH-045,TTC-G3N,5.64,8.69
BH-048,TTC-G3N,5.64,14.78
BH-047,TTC-G3N,13.26,19.35
BH-041,FILL,0.61,2.21
BH-035,TTC-G5,13.26,16.31
BH-037,TTC-G3N,2.97,11.73
BH-035,TTC-G5,19.35,20.88
BH-037,TTC-G3C,0.76,2.97
BH-055,TTC-G3N,4.5,8.69
BH-055,TTC-G5,22.25,23.93
BH-053,TTC-G3N,3.73,8.08
BH-052,TTC-G3N,5.64,13.26
BH-050,TTC-G3N,1.45,8.7
BH-051,TTC-G3N,1.45,4.5
BH-049,TTC-G6,11.73,14.78
BH-087,FILL,0.91,3.05
BH-089,TTC-G5,46.79,50.75
BH-077,TTC-G5,33.07,39.17
BH-081,TTC-G5,62.48,65.53
BH-060,TTC-G5,11.66,13.11
BH-060,FILL,0.61,1.45
BH-064,FILL,0.25,1.5
BH-071,FILL,0.69,1.45
BH-071,TTC-G3N,1.45,3.73
BH-072,TTC-G5,53.34,56.39
BH-067,TTC-G5,25.45,28.5
BH-069,FILL,0.1,0.69
BH-065,TTC-G3N,3.73,5.64
BH-066,TTC-G5,16.23,17.83
BH-066,TTC-G3N,0.69,1.45
BH-118,TTC-G3N,10.21,13.26
BH-116,TTC-G3N,16.3,17.8
BH-104,TTC-G5,51.21,52.88
BH-098,TTC-G5,60.5,62.03
BH-098,TTC-G3N,39.17,48.31
BH-094,TTC-G5,17.67,23.76
BH-094,TTC-G3N,5.64,7.09
BH-094,TTC-G5,8.43,14.62
BH-094,FILL,3.73,5.64
BH-095,TTC-G5,54.33,60.35
BH-143,TTC-G5,3.05,6.1
BH-144,TTC-G5,59.44,60.96
BH-142,TTC-G5,2.21,5.55
BH-142,TTC-G5,55.93,60.05
BH-141,TTC-G3N,8.69,11.73
BH-140,FILL,2.44,3.05
BH-141,TTC-G5,60.5,61.42
BH-162,TTC-G3N,9.14,9.75
BH-159,TTC-G3N,7.62,9.14
BH-159,TTC-G5,53.19,56.39
BH-159,TTC-G3N,15.24,16.76
BH-153,FILL,0.69,1.45
BH-151,TTC-G5,54.25,60.05
BH-155,TTC-G5,55.82,57.45
BH-155,TTC-G3N,7.01,8.69
BH-154,TTC-G3N,4.57,7.62
BH-154,TTC-G5,32.33,33.53
BH-156,TTC-G5,17.09,17.74
BH-169,FILL,0.72,2.21
BH-169,TTC-G5,15.82,17.68
BH-168,TTC-G3N,0.74,1.91
BH-168,TTC-G5,45.72,47.09
BH-168,TTC-G3N,9.14,10.97
BH-168,FILL,0.09,0.74
BH-170,FILL,0.25,1.37
BH-137,FILL,0.61,1.83
BH-135,TTC-G3N,6.86,8.69
BH-134,FILL,3.05,3.81
BH-131,TTC-G5,19.36,22.02
BH-131,TTC-G5,8.76,9.6
BH-130,TTC-G3N,13.03,14.68
BH-128,TTC-G3N,12.8,15.24
BH-124,FILL,0.15,1.52
BH-221,TTC-G5,22,22.3
BH-221,FILL,0.2,4.6
BH-221,TTC-G3N,9.1,11.5
BH-220,TTC-G3N,8.6,10.2
BH-222,FILL,0.76,1.8
BH-222,TTC-G3N,1.8,5.5
BH-224,TTC-G5,22.5,25.3
BH-224,TTC-G5,5.6,14.6
BH-224,FILL,0,0.7
BH-225,FILL,3.7,7.2
BH-225,TTC-G5,23.9,25.4
BH-218,TTC-G3N,4.57,6.3
BH-219,TTC-G3N,6.99,13.18
BH-218,TTC-G5,3.81,4.57
BH-217,TTC-G6,45.3,46.8
BH-217,TTC-G3N,1.21,2.74
BH-217,TTC-G3N,7.16,8.7
BH-216,TTC-G3N,5.6,8.7
BH-216,FILL,1.52,2.29
BH-215,TTC-G5,25.5,27
BH-215,TTC-G5,3.1,3.7
BH-215,TTC-G5,13.3,20.9
BH-215,TTC-G3N,3.7,8.7
BH-215,TTC-G3N,11.7,13.3
BH-215,FILL,0.8,2.7
BH-212,TTC-G3N,3.05,10.21
BH-214,FILL,0.18,1.7
BH-214,TTC-G3N,1.7,2.6
BH-212,TTC-G3N,2.21,3.05
BH-208,TTC-G3N,3.89,4.57
BH-210,TTC-G3N,3.05,5.6
BH-209,TTC-G3N,3.73,11.73
BH-210,FILL,0.23,1.52
BH-196,TTC-G5,32.46,36.12
BH-196,TTC-G5,3.73,8.69
BH-197,FILL,0.76,3.05
BH-197,TTC-G3N,3.05,14.6
BH-194,TTC-G3N,3.05,5.6
BH-194,TTC-G3N,5.6,16.31
BH-202,TTC-G3N,5.64,17.83
BH-202,TTC-G3N,2.97,5.64
BH-201,TTC-G3N,3.73,14.8
BH-198,TTC-G3N,49.84,55.47
BH-198,TTC-G3N,3.74,16.13
BH-198,FILL,0.68,3.74
BH-199,TTC-G3N,4.57,16.15
BH-200,TTC-G3N,9.96,11.58
BH-204,TTC-G3N,5.6,11.7
BH-207,TTC-G3N,48.3,51.3
BH-206,TTC-G3N,8.52,13.26
BH-205,TTC-G3N,4.33,13.08
BH-205,FILL,0.1,0.76
BH-205,TTC-G5,23.76,31.52
BH-174,TTC-G5,2.21,4.49
BH-175,TTC-G5,14.67,30
BH-175,FILL,1.17,4.5
BH-174,TTC-G5,22.4,23.93
BH-173,TTC-G5,3.81,4.78
BH-176,TTC-G3N,3.81,11.74
BH-176,TTC-G3N,31.47,40.23
BH-176,TTC-G3N,2.44,3.81
BH-177,TTC-G3N,3.05,3.81
BH-178,TTC-G3N,8.7,11
BH-178,TTC-G3N,3.81,5.5
BH-180,FILL,1.68,3.2
BH-180,TTC-G5,3.2,3.73
BH-180,TTC-G3N,3.73,6.92
BH-179,TTC-G3N,2.97,5.26
BH-181,FILL,1.22,1.83
BH-181,TTC-G3N,1.83,7.1
BH-182,FILL,0.76,3.73
BH-182,TTC-G5,31.47,34.59
BH-184,FILL,0.15,1.37
BH-183,FILL,0.4,3.81
BH-183,TTC-G3N,4.5,5.54
BH-188,TTC-G5,43.69,44.37
BH-185,TTC-G3N,7.16,8.69
BH-185,TTC-G5,19.35,23.93
BH-186,TTC-G5,11.8,26.9
BH-191,TTC-G5,4.27,5.26
BH-191,TTC-G5,7.16,13.26
BH-190,TTC-G3N,4.57,11.6
BH-227,FILL,0.6,1.5
BH-227,TTC-G5,31.3,33.2
BH-226,FILL,0.4,1.52
BH-229,FILL,0.23,3.45
BH-229,TTC-G5,14.02,29.16
BH-231,FILL,0.71,2.13
BH-235,TTC-G5,48.16,50.9
BH-235,TTC-G5,5.11,7.39
BH-234,TTC-G5,31.55,34.6
BH-234,TTC-G3N,3.05,6.1
BH-232,TTC-G5,20.73,22.25
BH-242,FILL,1.5,2.3
BH-242,TTC-G5,15,21.03
BH-241,FILL,0,2.3
BH-239,TTC-G3N,5.64,6.4
BH-237,TTC-G3N,2.97,7.16
BH-238,TTC-G5,13.82,20.12
BH-238,TTC-G3N,3.33,13.82
BH-238,FILL,0.27,3.33
BH-236,TTC-G4,2.97,5.86
BH-231,TTC-G2,25.96,32.28
BH-229,TTC-G2,47.55,53.47
BH-192,TTC-G2,20.8,25.4
BH-191,TTC-G2,20.86,26.97
BH-184,TTC-G2,42.21,46.33
BH-183,TTC-G2,5.54,9.37
BH-183,TTC-G2,42.21,46.33
BH-184,TTC-G2,17.17,34.37
BH-185,TTC-G4,8.69,19.35
BH-184,TTC-G2,4.8,7.16
BH-175,TTC-G2,48.17,53.87
BH-205,TTC-G2,13.08,19.35
BH-206,TTC-G2,13.26,19.35
BH-201,TTC-G2,16.15,23.93
BH-201,TTC-G4,26.97,30.02
BH-200,TTC-G2,11.58,20.88
BH-196,TTC-G2,8.69,19.36
BH-196,TTC-G2,43.13,46.1
BH-210,TTC-G2,8.7,13.2
BH-209,TTC-G2,11.73,17.83
BH-219,TTC-G2,13.18,16.31
BH-223,TTC-G2,10.2,13.2
BH-123,TTC-G2,14.78,20.88
BH-130,TTC-G2,48.31,50.85
BH-130,TTC-G2,25.45,28.5
BH-131,TTC-G2,29.91,37.46
BH-135,TTC-G2,46.8,55.96
BH-135,TTC-G1,19.36,22.41
BH-139,TTC-G2,48.31,58.98
BH-138,TTC-G2,22.4,37.49
BH-170,TTC-G2,23.85,34.4
BH-171,TTC-G4,42.21,54.41
BH-173,TTC-G2,16.31,22.41
BH-173,TTC-G2,42.21,46.33
BH-172,TTC-G2,25.3,32.82
BH-169,TTC-G2,46.66,47.68
BH-170,TTC-G2,43.74,47.85
BH-170,TTC-G2,3.73,5.92
BH-168,TTC-G2,47.09,47.24
BH-162,TTC-G2,12.19,15.39
BH-162,TTC-G2,44.04,44.83
BH-164,TTC-G4,43.74,57.45
BH-154,TTC-G4,3.05,4.57
BH-152,TTC-G2,29.84,34.35
BH-162,TTC-G2,23.17,34.6
BH-161,TTC-G2,45.16,47.69
BH-161,TTC-G2,13.17,16.46
BH-161,TTC-G2,22.3,34.42
BH-160,TTC-G2,20.87,32.91
BH-160,TTC-G2,13.03,17.83
BH-141,TTC-G2,23.77,39.17
BH-141,TTC-G2,51.36,58.98
BH-142,TTC-G4,48.08,55.93
BH-144,TTC-G4,3.05,7.4
BH-146,TTC-G2,22.25,32.89
BH-145,TTC-G2,28.25,34.48
BH-150,TTC-G2,42.21,45.92
BH-106,TTC-G2,40,43.74
BH-106,TTC-G2,11.73,13.87
BH-106,TTC-G2,33.68,40
BH-105,TTC-G2,5.64,7.16
BH-105,TTC-G2,36.12,43.74
BH-113,TTC-G1,14.78,19.35
BH-089,TTC-G2,22.4,23.93
BH-089,TTC-G2,36.12,43.74
BH-085,TTC-G2,10,13.26
BH-085,TTC-G2,8.69,10
BH-085,TTC-G2,26.97,28.5
BH-058,TTC-G2,19.17,23.7
BH-007,TTC-G1,5.33,6.1
BH-199,TTC-G1,23.8,26
BH-229,TTC-G1,4.87,7.92
BH-238,TTC-G1,29.26,32.21
BH-175,FILL,0.06,0.69
BH-175,TTC-G1,7.16,8.69
BH-184,TTC-G1,7.16,10.82
BH-183,FILL,0.3,0.4
BH-188,TTC-G1,14.68,16.04
BH-147,TTC-G1,10.17,11.55
BH-145,TTC-G1,7.07,8.69
BH-161,FILL,0.08,0.48
BH-162,FILL,0.2,0.56
BH-152,FILL,0.3,0.41
BH-154,TTC-G1,9.7,10.67
BH-164,TTC-G1,17.83,23.93
BH-168,TTC-G1,8.63,9.14
BH-029,FILL,0.2,0.86
BH-051,FILL,0.45,0.66
BH-103,TTC-G1,7,10.04
BH-236,TTC-G4,5.86,7.38
BH-236,FILL,1.45,2.29
BH-235,FILL,2.21,2.97
BH-231,TTC-G4,17.07,25.96
BH-231,TTC-G1,4.88,7.62
BH-232,FILL,0,2.29
BH-232,TTC-G4,2.29,6.61
BH-229,TTC-G4,32.31,38.4
BH-229,FILL,0.07,0.23
BH-229,TTC-G3N,7.92,10.87
BH-229,TTC-G3N,3.45,4.87
BH-228,FILL,0.37,1.52
BH-228,TTC-G2,6.86,11.1
BH-226,TTC-G2,4.57,9.45
BH-227,TTC-G3N,5.6,11.7
BH-238,TTC-G4,48.9,50.72
BH-237,TTC-G4,1.45,2.97
BH-238,TTC-G3N,32.21,38.15
BH-239,TTC-G4,13.26,17.65
BH-239,FILL,0.12,3.05
BH-239,TTC-G3N,3.05,5.64
BH-242,TTC-G3N,11.4,15
BH-240,TTC-G3N,11.7,17.6
BH-097,TTC-G4,7.16,13.18
BH-098,TTC-G4,5.26,7.16
BH-098,FILL,2.9,5.26
BH-094,TTC-G3N,7.09,8.43
BH-095,FILL,0.76,2.21
BH-096,TTC-G4,8.69,11.73
BH-096,TTC-G3N,2.97,8.69
BH-097,TTC-G4,30.02,31.55
BH-097,TTC-G3N,54.33,58.89
BH-097,FILL,0.17,2.97
BH-091,TTC-G4,6.02,15.85
BH-103,FILL,0.76,5.26
BH-103,TTC-G4,10.04,11.57
BH-103,TTC-G4,16.08,22.16
BH-104,TTC-G4,7.09,22.4
BH-104,FILL,3.05,4.11
BH-104,TTC-G4,28.5,33.07
BH-104,FILL,0.46,0.76
BH-106,TTC-G3N,5.64,7.16
BH-109,TTC-G3N,2.97,7.16
BH-117,TTC-G4,13.26,19.35
BH-118,TTC-G3N,3.81,10.21
BH-121,FILL,0.3,1.22
BH-120,TTC-G1,8.6,10.2
BH-120,TTC-G4,7.2,8.6
BH-119,TTC-G3N,0.76,2.21
BH-087,FILL,0.15,0.91
BH-083,FILL,0.61,2.21
BH-083,TTC-G4,2.21,14.78
BH-084,TTC-G4,3.05,4.57
BH-091,FILL,2.97,6.02
BH-090,TTC-G4,0.69,4.5
BH-073,TTC-G4,6.2,8.69
BH-074,TTC-G4,3.05,6.53
BH-073,TTC-G4,13.26,14.78
BH-074,TTC-G4,29.16,31.17
BH-077,TTC-G1,4.5,6.02
BH-077,TTC-G4,3.05,4.5
BH-077,FILL,0.25,0.69
BH-081,TTC-G3N,3.05,11.13
BH-077,TTC-G4,12.4,16.19
BH-077,TTC-G4,50.37,52.72
BH-063,TTC-G3N,1.45,6.86
BH-063,TTC-G4,17.59,22.25
BH-064,TTC-G3N,4.5,10.2
BH-061,FILL,0.15,0.76
BH-061,TTC-G3N,17.72,20.73
BH-071,FILL,0.15,0.69
BH-071,TTC-G3N,13.26,20.87
BH-069,FILL,0.69,1.45
BH-050,FILL,0.22,1.45
BH-050,TTC-G3N,19.15,23.93
BH-051,FILL,0.66,1.45
BH-053,TTC-G4,21.61,30
BH-052,TTC-G3N,2.21,3.05
BH-053,TTC-G4,30,30.94
BH-039,FILL,0.68,1.45
BH-038,TTC-G3N,13.26,20.88
BH-037,TTC-G3N,14.78,17.83
BH-044,TTC-G3N,20.88,22.25
BH-047,TTC-G4,1.45,2.21
BH-042,FILL,0.08,0.69
BH-041,TTC-G3N,11.7,19.3
BH-042,TTC-G3N,7.16,19.35
BH-040,TTC-G3N,16.31,22.25
BH-040,FILL,0.3,1.45
BH-029,TTC-G4,16.76,18.29
BH-023,TTC-G2,17.83,20.12
BH-024,TTC-G3N,3.66,6.86
BH-024,TTC-G2,29.95,30.48
BH-024,TTC-G2,18.29,19.81
BH-024,TTC-G1,11.5,15.24
BH-024,TTC-G2,24.38,27.74
BH-024,FILL,0,0.9
BH-024,TTC-G3N,8.28,11.5
BH-023,TTC-G2,31.55,33.76
BH-023,FILL,0.3,0.76
BH-023,TTC-G3N,2.29,7.16
BH-025,TTC-G3N,8.7,16.31
BH-025,TTC-G4,3.81,4.27
BH-025,TTC-G2,23.93,26.97
BH-025,TTC-G2,30.02,30.68
BH-025,TTC-G2,17.83,19.35
BH-032,TTC-G4,7.16,8.7
BH-032,FILL,1.52,2.29
BH-032,FILL,0,0.2
BH-031,TTC-G4,14.8,16.31
BH-007,TTC-G3N,1.52,2.29
BH-007,TTC-G4,6.1,8.23
BH-008,FILL,0.45,0.76
BH-007,TTC-G3N,4.57,5.33
BH-010,TTC-G5,11.73,13.26
BH-010,TTC-G2,26.97,28.5
BH-009,TTC-G3N,4.57,5.33
BH-009,TTC-G3N,10.2,11.15
BH-009,TTC-G3N,7.16,10.2
BH-008,TTC-G3N,5.33,8.23
BH-009,TTC-G2,23.93,31.06
BH-010,TTC-G4,23.93,26.97
BH-010,TTC-G3N,7.16,11.73
BH-010,TTC-G4,28.5,30.58
BH-010,TTC-G3N,13.26,14.78
BH-011,FILL,0.13,0.3
BH-011,TTC-G2,23.93,27.81
BH-011,TTC-G4,17.83,20.88
BH-012,TTC-G4,20.88,23.93
BH-002,FILL,1,1.52
BH-002,FILL,3.5,4.57
BH-002,TTC-G1,7.16,8.7
BH-003,TTC-G3N,7.16,13.26
BH-004,FILL,0.21,0.76
BH-004,FILL,0.76,1.8
BH-003,FILL,0.28,0.58
BH-003,FILL,1.52,2.29
BH-003,TTC-G3N,3.05,3.81
BH-005,TTC-G2,22.4,23.93
BH-005,FILL,0.58,1.1
BH-004,TTC-G4,25.45,27.86
BH-004,TTC-G2,20.88,25.45
BH-004,TTC-G3N,11.7,14.8
BH-004,TTC-G3N,3.81,4.57
BH-005,TTC-G3N,11.73,14.78
BH-006,TTC-G3N,5.33,7.16
BH-006,FILL,0.15,0.52
BH-016,TTC-G2,23.93,26.97
BH-016,TTC-G3N,11.73,13.26
BH-016,TTC-G2,8.7,10.2
BH-016,FILL,0.1,0.25
BH-016,FILL,0.76,1.52
BH-015,TTC-G2,25.45,27.66
BH-015,TTC-G3N,3.81,5.33
BH-015,FILL,0.1,0.46
BH-015,TTC-G2,22.4,25.45
BH-018,TTC-G2,10.2,13.26
BH-017,FILL,0.13,0.28
BH-012,TTC-G3N,7.16,8.7
BH-012,FILL,0.32,0.76
BH-011,FILL,0.3,2.29
BH-013,TTC-G3N,3.05,7.16
BH-014,TTC-G3N,3.05,7.16
BH-013,TTC-G3N,9.5,13.26
BH-013,TTC-G2,13.26,14.5
BH-013,TTC-G4,23.4,25.45
BH-022,TTC-G2,20.88,22.4
BH-022,TTC-G4,22.4,23.93
BH-022,TTC-G3N,3.81,5.33
BH-022,FILL,3.05,3.81
BH-023,TTC-G2,25.45,28.5
BH-023,TTC-G3N,11.73,17.83
BH-022,TTC-G1,5.33,7.16
BH-022,TTC-G2,23.93,25.45
BH-021,TTC-G3N,3.05,7.16
BH-021,TTC-G3N,10.2,13.26
BH-021,TTC-G2,22.4,23.93
BH-019,TTC-G2,23.93,30.02
BH-018,TTC-G4,22.4,27.89
BH-018,FILL,0.3,0.6
BH-018,TTC-G4,1.52,4.57
BH-018,TTC-G3N,4.57,6.1
BH-019,TTC-G3N,4.57,7.16
BH-019,TTC-G1,14.78,15.57
BH-020,TTC-G2,25.45,26.97
BH-020,FILL,0.6,1.52
BH-020,TTC-G4,23.16,25.45
BH-020,TTC-G3N,8.69,9.7
BH-020,TTC-G4,26.97,30.68
BH-020,FILL,0.15,0.6
BH-021,TTC-G2,20.88,22.4
BH-021,TTC-G4,26.97,27.86
BH-168,TTC-G4,23.87,34.65
BH-168,TTC-G4,42.67,44.2
BH-168,TTC-G3N,6.88,8.63
BH-168,TTC-G4,16.23,22.61
BH-170,TTC-G3N,1.37,3.73
BH-172,TTC-G3N,3.73,4.5
BH-173,TTC-G4,22.41,31.32
BH-172,TTC-G4,19.2,25.3
BH-173,TTC-G4,2.21,3.81
BH-173,TTC-G4,7.01,8.53
BH-170,TTC-G4,17.83,23.85
BH-172,TTC-G4,4.5,10.06
BH-162,TTC-G1,6.1,9.14
BH-165,TTC-G3N,1.7,5.93
BH-163,FILL,0.2,2.46
BH-162,TTC-G3N,4.11,4.57
BH-162,TTC-G4,46.48,48.77
BH-163,TTC-G4,45.26,46.61
BH-163,TTC-G4,10.21,16.21
BH-167,TTC-G4,8.66,11.73
BH-166,TTC-G3N,6.1,10.67
BH-166,TTC-G4,12.95,15.77
BH-155,TTC-G4,16.31,31.34
BH-156,FILL,1.22,2.97
BH-156,TTC-G4,17.74,32.69
BH-153,FILL,0.36,0.69
BH-152,TTC-G4,18.57,29.84
BH-152,FILL,0.41,3.3
BH-153,TTC-G4,43.74,46
BH-152,TTC-G4,4.42,8.52
BH-151,TTC-G4,17.83,33.07
BH-151,FILL,1.52,5.26
BH-162,TTC-G4,19.51,23.17
BH-162,TTC-G4,9.75,10.67
BH-161,TTC-G1,7.01,10.11
BH-160,TTC-G3N,3.05,4.5
BH-160,FILL,0.13,3.05
BH-160,TTC-G4,4.5,7.16
BH-160,TTC-G4,17.83,20.87
BH-156,TTC-G4,48.16,57.45
BH-157,FILL,0.15,0.69
BH-157,TTC-G4,4.5,7.16
BH-157,TTC-G1,7.16,10.02
BH-157,TTC-G4,20.83,22.35
BH-157,FILL,0.69,1.45
BH-145,TTC-G4,1.45,2.21
BH-145,TTC-G1,2.21,2.97
BH-145,FILL,0.15,1.45
BH-146,TTC-G4,6.02,13.02
BH-147,TTC-G1,5.26,7.05
BH-146,TTC-G3N,4.5,6.02
BH-146,TTC-G4,43.74,45.17
BH-146,TTC-G4,32.89,35.33
BH-146,TTC-G4,46.6,47.85
BH-150,TTC-G4,2.97,8.53
BH-150,FILL,0.69,2.97
BH-148,TTC-G4,43.64,57.37
BH-149,TTC-G4,6.1,8.97
BH-148,TTC-G1,7.07,8.69
BH-148,FILL,0.76,2.59
BH-148,TTC-G4,2.59,7.07
BH-141,TTC-G3N,11.73,19.35
BH-138,TTC-G4,3.73,4.5
BH-139,TTC-G4,16.31,19.35
BH-139,TTC-G3N,1.83,5.64
BH-137,TTC-G3N,13.26,14.79
BH-136,TTC-G4,17.83,25.45
BH-135,TTC-G4,55.96,60.6
BH-134,TTC-G4,22.4,37.64
BH-132,FILL,0.17,3.73
BH-132,TTC-G4,24.59,38.89
BH-131,TTC-G4,13.03,14.71
BH-131,FILL,0.69,1.45
BH-132,TTC-G4,16.09,17.68
BH-131,TTC-G3N,1.45,3.73
BH-131,FILL,0.26,0.69
BH-130,TTC-G4,28.5,40.45
BH-130,TTC-G3N,5.1,13.03
BH-131,TTC-G4,3.73,8.19
BH-130,TTC-G3N,14.68,16.36
BH-128,TTC-G3N,5.44,12.8
BH-128,TTC-G4,26.97,37.41
BH-124,FILL,1.52,2.29
BH-125,TTC-G4,22.04,34.8
BH-125,FILL,0.4,2.44
BH-126,FILL,1.52,2.44
BH-188,TTC-G4,11.63,14.68
BH-189,TTC-G1,7.16,9.97
BH-188,TTC-G4,44.37,47.5
BH-185,TTC-G4,23.93,35.93
BH-185,TTC-G3N,1.45,7.16
BH-183,TTC-G4,17.83,33.07
BH-183,TTC-G4,9.37,11.73
BH-184,TTC-G1,10.82,16.23
BH-184,TTC-G4,1.37,2.97
BH-185,TTC-G4,0.51,1.45
BH-191,TTC-G4,42.14,47.85
BH-190,TTC-G4,11.6,17.8
BH-193,FILL,0.23,2.97
BH-175,TTC-G1,31.55,33.07
BH-174,TTC-G4,23.93,29.89
BH-175,TTC-G4,8.69,14.67
BH-175,TTC-G4,45.26,48.17
BH-174,TTC-G4,38.18,49.38
BH-175,TTC-G4,33.07,35.97
BH-175,TTC-G3N,4.5,7.16
BH-173,FILL,0.2,2.21
BH-182,TTC-G4,13.11,22.4
BH-182,TTC-G3N,6.11,7.09
BH-182,TTC-G4,34.59,36.81
BH-182,TTC-G4,44.6,53.93
BH-179,TTC-G4,1.45,2.97
BH-180,TTC-G1,41.3,41.35
BH-180,FILL,0.46,1.68
BH-178,TTC-G4,20.7,23.8
BH-178,FILL,0.45,3.1
BH-179,TTC-G4,5.26,9.75
BH-179,FILL,0.15,1.45
BH-198,TTC-G4,32.92,34.44
BH-199,TTC-G2,16.15,23.8
BH-200,FILL,0,3.05
BH-201,FILL,0.56,0.76
BH-201,TTC-G3N,1.45,3.73
BH-202,FILL,0.74,2.97
BH-196,TTC-G4,26.97,32.46
BH-195,TTC-G4,20.88,36.13
BH-194,FILL,0.2,3.05
BH-194,TTC-G2,16.31,17.3
BH-193,TTC-G4,13.26,17.65
BH-193,TTC-G4,45.9,46.33
BH-204,FILL,0.12,0.37
BH-206,FILL,0.83,2.29
BH-205,FILL,0.76,2.21
BH-205,TTC-G4,31.52,34.59
BH-207,FILL,0.1,0.3
BH-207,TTC-G2,22.3,23.9
BH-207,TTC-G2,17.6,19.35
BH-207,TTC-G4,13.25,14.8
BH-207,TTC-G2,30,32.2
BH-207,TTC-G2,9.3,13.25
BH-211,TTC-G1,4.57,5.6
BH-209,TTC-G4,20.88,22.3
BH-210,TTC-G4,22.3,23.8
BH-209,FILL,0.1,1.5
BH-209,TTC-G4,23.93,29.06
BH-209,TTC-G4,31.46,34.37
BH-208,TTC-G2,16.3,23.93
BH-219,TTC-G4,16.31,19.35
BH-219,TTC-G1,19.35,24.48
BH-218,FILL,0,0.35
BH-219,FILL,0,3.05
BH-218,TTC-G1,6.3,7.16
BH-218,FILL,0.35,1.52
BH-217,FILL,0.54,1.21
BH-217,TTC-G3N,2.74,7.16
BH-216,FILL,0.66,1.52
BH-213,TTC-G4,42.2,46.5
BH-214,FILL,0.08,0.18
BH-211,TTC-G2,5.6,7.16
BH-215,TTC-G4,10.2,11.7
BH-215,TTC-G3N,34.3,39
BH-215,TTC-G3N,27,32.9
BH-214,TTC-G2,11.6,13.25
BH-214,TTC-G4,13.25,14.8
BH-225,TTC-G4,17.8,23.9
BH-225,TTC-G4,33,37.6
BH-223,TTC-G2,5.6,7.1
BH-224,TTC-G4,25.3,31.4
BH-224,TTC-G4,3.7,5.6
BH-222,FILL,0.2,0.76
BH-220,TTC-G4,31.4,35.9
BH-220,TTC-G2,16.3,22.4
BH-220,TTC-G2,23.3,31.4
BH-221,TTC-G2,23.8,35.8
BH-221,TTC-G4,45.7,46.7
BH-221,TTC-G4,18.3,21.3
BH-221,TTC-G5,22.3,23.8
BH-221,TTC-G4,12.2,14.5
BH-213,TTC-G3N,4.3,8.7
BH-208,TTC-G3N,4.57,16.3
BH-181,TTC-G3C,22.4,25.4
BH-041,TTC-G6,31.55,34.52
BH-054,TTC-G6,25.38,29.8
BH-067,TTC-G6,10.21,13.26
BH-071,TTC-G3N,42.21,50.9
BH-070,TTC-G6,4.5,9.32
BH-061,TTC-G3C,3.74,5.64
BH-061,TTC-G6,26.73,28.5
BH-078,TTC-G6,23.93,31.55
BH-113,TTC-G6,26.97,30.02
BH-113,TTC-G6,37.64,40.23
BH-112,TTC-G6,37.64,40.23
BH-112,TTC-G6,34.59,37.64
BH-114,TTC-G6,22.4,25.45
BH-106,TTC-G6,13.87,18.9
BH-096,TTC-G5,64.24,66.14
BH-095,TTC-G5,25.45,40.69
BH-097,TTC-G5,31.55,39.17
BH-235,TTC-G5,20.5,25.45
BH-244,FILL,0.91,3.49
BH-096,FILL,0.76,2.97
BH-108,FILL,0.37,2.97
BH-046,TTC-G2,10.21,13.26
BH-142,FILL,0.26,0.72
BH-145,TTC-G2,8.69,14.78
BH-172,FILL,0.06,3.73
BH-212,TTC-G2,10.21,19.3
BH-212,FILL,0.61,2.21
BH-215,FILL,0.3,0.8
BH-209,TTC-G1,22.3,23.93
BH-220,TTC-G2,22.4,23.3
BH-221,TTC-G2,17.4,18.3
BH-221,TTC-G2,21.3,22
BH-225,FILL,0.3,0.8
BH-205,TTC-G1,20.88,23.76
BH-206,TTC-G1,19.35,23.93
BH-193,TTC-G1,17.65,23.66
BH-202,FILL,0.27,0.74
BH-201,FILL,0.32,0.56
BH-201,FILL,0.76,1.45
BH-198,FILL,0.35,0.68
BH-200,TTC-G1,20.88,25.3
BH-182,TTC-G1,5.25,6.11
BH-182,TTC-G1,22.4,26.98
BH-182,FILL,0.33,0.48
BH-178,FILL,0.3,0.45
BH-174,FILL,0.13,0.76
BH-175,FILL,0.69,1.17
BH-176,FILL,0.61,2.44
BH-183,TTC-G1,14.78,16.31
BH-183,TTC-G2,11.73,14.78
BH-185,FILL,0.08,0.51
BH-188,FILL,0.4,1.45
BH-188,TTC-G2,8.66,11.63
BH-189,TTC-G2,9.97,11.28
BH-189,FILL,0.15,0.69
BH-173,TTC-G2,8.53,10.21
BH-172,TTC-G1,10.06,19.2
BH-171,TTC-G1,13.26,14.68
BH-169,FILL,0.08,0.72
BH-170,TTC-G1,8.69,10.21
BH-170,FILL,0.08,0.25
BH-170,TTC-G1,10.21,17.83
BH-168,TTC-G2,10.97,15.24
BH-166,TTC-G1,10.67,12.95
BH-165,FILL,0.76,1.7
BH-165,TTC-G1,10.02,14.55
BH-164,FILL,0,0.76
BH-164,TTC-G2,58.98,60.05
BH-165,FILL,0.08,0.76
BH-157,TTC-G2,10.02,12.98
BH-157,TTC-G2,44.27,47.85
BH-157,TTC-G1,17.72,20.83
BH-159,TTC-G2,3.05,7.62
BH-159,FILL,0.91,3.05
BH-159,FILL,0.36,0.91
BH-159,TTC-G1,9.14,14.45
BH-151,TTC-G1,11.73,16.31
BH-151,FILL,0.3,0.46
BH-150,FILL,0.3,0.69
BH-155,FILL,0.36,4.5
BH-156,FILL,0.3,1.22
BH-145,TTC-G1,14.78,16.28
BH-143,FILL,0.26,3.05
BH-144,FILL,1.09,3.05
BH-144,FILL,0.27,1.09
BH-147,TTC-G2,7.05,10.17
BH-148,FILL,0.38,0.76
BH-149,TTC-G1,12.19,13.89
BH-149,TTC-G2,8.97,12.19
BH-149,FILL,0.51,3.05
BH-149,FILL,0.28,0.51
BH-149,TTC-G2,13.89,14.58
BH-149,TTC-G2,3.05,6.1
BH-146,FILL,0.26,0.55
BH-147,FILL,0.32,3.05
BH-134,TTC-G1,10.21,14.78
BH-137,TTC-G1,16.31,19.36
BH-140,TTC-G1,22.41,31.55
BH-125,FILL,2.44,3.05
BH-124,TTC-G2,2.29,3.05
BH-046,FILL,0.38,1.45
BH-047,FILL,0.24,1.45
BH-043,FILL,0.3,1.45
BH-041,FILL,0.15,0.61
BH-038,FILL,0.3,0.76
BH-039,FILL,0.23,0.68
BH-051,FILL,0.3,0.45
BH-058,FILL,0.2,0.76
BH-055,FILL,0.12,0.91
BH-057,FILL,0.28,1.45
BH-027,FILL,0.3,0.46
BH-103,FILL,0.07,0.76
BH-096,FILL,0.16,0.76
BH-095,FILL,0.08,0.76
BH-092,ALLUVIUM,2.21,4.88
BH-094,FILL,2.21,3.73
BH-094,FILL,0.15,2.21
BH-093,TTC-G2,5.6,13.2
BH-100,FILL,0.3,2.29
BH-120,TTC-G1,13.3,16.3
BH-121,TTC-G1,13.26,20.58
BH-090,TTC-G2,51.17,52.64
BH-083,TTC-G1,14.78,15.85
BH-077,TTC-G2,6.02,10.1
BH-075,TTC-G2,1.52,3.05
BH-074,TTC-G2,6.53,9.14
BH-074,TTC-G2,48.77,50.29
BH-074,TTC-G2,45.72,46.13
BH-060,FILL,0.3,0.61
BH-062,FILL,0.23,0.91
BH-064,FILL,0.08,0.25
BH-070,FILL,0.28,0.46
BH-070,FILL,0.46,0.86
BH-072,FILL,0.08,1.93
BH-066,FILL,0.24,0.69
BH-244,FILL,0.08,0.91
BH-242,FILL,0.1,0.6
BH-243,FILL,0.1,3.1
BH-240,FILL,0.1,2.6
BH-235,FILL,0.09,2.21
BH-233,TTC-G1,2.74,4.27
BH-235,TTC-G2,25.45,26.97
BH-230,FILL,0,3.56
BH-232,TTC-G2,17.83,20.73
BH-230,TTC-G1,3.56,5.07
BH-227,FILL,0.3,0.6
BH-097,TTC-G2,49.73,54.33
BH-127,TTC-G1,34.6,37.65
BH-132,TTC-G2,17.68,22.29
BH-129,TTC-G6,49.83,57.45
BH-124,TTC-G6,10.21,16.4
BH-138,TTC-G3C,16.31,22.4
BH-133,TTC-G6,17.83,25.45
BH-143,TTC-G6,57.91,60.96
BH-155,TTC-G6,4.5,7.01
BH-151,FILL,0.46,1.52
BH-158,FILL,2.9,3.2
BH-186,FILL,0.69,2.13
BH-190,TTC-G6,19.2,22.4
BH-180,TTC-G6,11.65,23.89
BH-203,TTC-G6,58.8,61.59
BH-097,TTC-G6,58.89,66.14
BH-094,TTC-G6,58.98,66.14
BH-094,TTC-G6,23.76,43.66
BH-098,TTC-G6,23.93,39.17
BH-103,TTC-G6,34.59,39.17
BH-104,TTC-G6,33.07,39.17
BH-105,TTC-G6,49.83,50.75
BH-105,TTC-G6,14.78,16.31
BH-109,TTC-G6,28.5,30.02
BH-109,TTC-G6,16.31,17.83
BH-065,TTC-G6,32.46,35.51
BH-065,TTC-G6,24.84,27.89
BH-059,TTC-G6,14.63,18.49
BH-072,TTC-G6,17.09,27.43
BH-074,TTC-G6,31.17,39.78
BH-077,FILL,0.69,3.05
BH-077,TTC-G6,26.79,33.07
BH-081,TTC-G6,24.38,41.15
BH-081,TTC-G6,11.13,16.76
BH-081,TTC-G6,41.15,51.82
BH-086,TTC-G6,28.42,32.41
BH-091,FILL,2.29,2.97
BH-058,TTC-G6,23.7,25.3
BH-053,TTC-G3C,49.23,54.86
BH-049,TTC-G6,28.5,40.23
BH-228,TTC-G6,29.9,33.1
BH-236,FILL,0,1.45
BH-207,TTC-G1,19.35,22.3
BH-152,TTC-G1,8.52,14.78
BH-226,FILL,0.1,0.4
BH-228,TTC-G2,13.2,15.4
BH-228,TTC-G2,22.3,23.8
BH-228,TTC-G1,4.57,6.86
BH-228,TTC-G1,15.4,22.3
BH-228,FILL,0.2,0.37
BH-229,TTC-G1,10.87,14.02
BH-231,FILL,0.2,0.71
BH-232,TTC-G2,6.61,8.69
BH-230,TTC-G2,12.89,20.65
BH-234,TTC-G2,6.4,19.81
BH-234,FILL,0.23,0.63
BH-234,TTC-G1,19.81,22.86
BH-236,TTC-G1,14.3,14.97
BH-236,TTC-G2,2.29,2.97
BH-236,TTC-G2,7.38,14.3
BH-152,TTC-G1,3.3,4.42
BH-151,TTC-G2,43.56,54.25
BH-155,TTC-G2,8.69,10.05
BH-160,TTC-G2,7.16,13.03
BH-160,TTC-G2,43.74,47.65
BH-163,TTC-G2,22.31,34.33
BH-163,TTC-G2,46.61,47.85
BH-163,TTC-G1,16.21,22.31
BH-165,TTC-G2,20.29,29.91
BH-165,TTC-G2,5.93,10.02
BH-168,TTC-G2,22.61,23.87
BH-168,TTC-G2,44.2,45.72
BH-169,TTC-G2,10.12,15.82
BH-170,TTC-G3N,5.92,8.69
BH-146,TTC-G2,13.02,16.31
BH-138,TTC-G2,13.26,16.31
BH-131,TTC-G7,42.27,48.15
BH-130,TTC-G2,16.36,23.83
BH-131,TTC-G2,48.15,50.7
BH-131,TTC-G2,14.71,19.36
BH-128,TTC-G2,15.24,23.72
BH-207,TTC-G1,23.9,24.7
BH-202,TTC-G1,23.93,26.98
BH-204,TTC-G1,17.8,25.3
BH-201,TTC-G1,23.93,26.97
BH-199,FILL,0.33,0.63
BH-198,TTC-G1,20.88,26.97
BH-198,TTC-G2,16.13,20.88
BH-197,FILL,0.5,0.76
BH-197,FILL,0.3,0.5
BH-197,TTC-G1,23.9,28.35
BH-194,TTC-G1,17.3,23.93
BH-195,TTC-G1,11.74,15.2
BH-195,TTC-G2,15.2,17.84
BH-178,TTC-G2,40.2,41.07
BH-178,TTC-G2,19.2,20.7
BH-178,TTC-G2,11,13.2
BH-181,TTC-G1,30,33.2
BH-177,TTC-G1,13.26,19.5
BH-173,TTC-G1,10.21,14.78
BH-190,TTC-G1,22.4,28.6
BH-192,TTC-G1,11.8,17.8
BH-225,TTC-G2,25.4,33
BH-223,FILL,0.04,0.2
BH-221,TTC-G2,48.2,54.86
BH-220,TTC-G2,48.2,52.43
BH-218,TTC-G2,14.7,15.54
BH-215,TTC-G2,32.9,34.3
BH-215,TTC-G1,22.4,25.5
BH-215,TTC-G2,49.7,53.95
BH-211,TTC-G2,13.15,14.7
BH-211,FILL,0.15,0.4
BH-214,TTC-G1,2.6,3.05
BH-214,TTC-G2,7.16,8.7
BH-214,TTC-G2,14.8,15.85
BH-210,TTC-G1,13.2,16.15
BH-113,TTC-G2,13.26,14.78
BH-118,TTC-G2,19.35,22.4
BH-121,TTC-G2,11.74,13.26
BH-121,TTC-G2,20.58,22.1
BH-107,TTC-G2,45.26,45.92
BH-107,TTC-G2,10.21,16.31
BH-099,TTC-G2,39.17,40
BH-099,TTC-G2,10.21,13.26
BH-099,TTC-G2,40,46.15
BH-090,TTC-G2,4.5,8.59
BH-087,TTC-G2,14.8,20.8
BH-082,TTC-G2,13.26,25.45
BH-075,TTC-G1,3.05,4.5
BH-072,FILL,1.93,3.05
BH-040,TTC-G2,8.69,11.73
BH-044,FILL,0.2,0.69
BH-032,TTC-G2,5.6,7.16
BH-031,TTC-G2,8.7,14.8
BH-144,TTC-G7,35.87,45.29
BH-171,TTC-G7,34.49,42.21
BH-165,TTC-G7,34.34,43.74
BH-167,TTC-G7,34.33,44.27
BH-163,TTC-G7,39.17,45.26
BH-158,TTC-G7,34.37,45.8
BH-156,TTC-G7,37.64,44.22
BH-150,TTC-G7,37.64,42.21
BH-193,TTC-G7,39.17,45.9
BH-236,TTC-G7,36.12,40.23
BH-233,TTC-G7,44.2,46.84
BH-191,TTC-G2,34.59,36.12
BH-122,TTC-G2,11.73,16.31
BH-122,TTC-G6,25.45,26.97
BH-122,TTC-G6,36.12,40.23
BH-121,TTC-G6,37.35,41.31
BH-121,TTC-G6,22.1,25.15
BH-120,TTC-G6,36.1,41.77
BH-119,TTC-G6,36.12,40.08
BH-119,TTC-G6,26.97,30.02
BH-120,TTC-G6,27,32.16
BH-118,TTC-G6,40.39,48.31
BH-117,TTC-G6,36.12,40.08
BH-116,FILL,0.14,3.05
BH-116,TTC-G6,36.1,41.77
BH-116,TTC-G3C,31.5,36.1
BH-115,TTC-G6,34.59,40.08
BH-114,TTC-G3C,34.59,40.08
BH-114,TTC-G6,25.45,34.59
BH-113,TTC-G6,30.02,33.07
BH-110,TTC-G6,37.64,40.08
BH-110,TTC-G6,30.02,34.59
BH-111,TTC-G6,36.12,40.08
BH-111,TTC-G6,26.97,33.07
BH-092,TTC-G6,19.35,25.39
BH-092,TTC-G3C,25.39,28.5
BH-092,TTC-G6,10.21,16.31
BH-093,FILL,0.7,3.1
BH-093,TTC-G6,19.3,36.1
BH-096,TTC-G6,27.56,55.91
BH-095,TTC-G3C,40.69,46.79
BH-095,TTC-G3C,60.35,61.57
BH-097,TTC-G3C,42.21,49.73
BH-096,TTC-G6,11.73,14.62
BH-099,TTC-G6,31.55,34.59
BH-099,TTC-G3C,34.59,39.17
BH-100,TTC-G3C,39.93,48.22
BH-101,TTC-G6,43.74,46.33
BH-101,TTC-G6,30.1,34.44
BH-100,TTC-G6,22.16,39.93
BH-101,TTC-G6,37.64,40.69
BH-101,TTC-G3C,40.69,43.74
BH-097,TTC-G6,39.17,42.21
BH-097,TTC-G6,26.75,30.02
BH-099,TTC-G6,20.88,26.97
BH-098,TTC-G6,62.03,66.14
BH-098,TTC-G6,51.18,52.81
BH-098,TTC-G6,8.69,11.73
BH-102,TTC-G3C,39.4,41.29
BH-102,FILL,0.77,3.05
BH-102,TTC-G6,35.8,39.4
BH-102,TTC-G6,26.7,33.1
BH-104,TTC-G3C,39.17,48.01
BH-104,TTC-G6,60.5,66.14
BH-103,TTC-G3C,39.17,46.79
BH-107,TTC-G6,34.59,37.64
BH-107,TTC-G6,40,40.69
BH-107,TTC-G6,16.31,19.35
BH-107,TTC-G6,37.64,40
BH-107,TTC-G6,40.69,43.74
BH-108,TTC-G6,61.37,66.14
BH-108,TTC-G6,23.93,46.79
BH-108,TTC-G6,10.21,14.78
BH-109,TTC-G6,7.16,8.69
BH-109,TTC-G6,31.55,36.12
BH-109,TTC-G6,23.93,25.45
BH-109,TTC-G3C,36.12,40.69
BH-105,TTC-G6,19.35,20.88
BH-105,TTC-G6,22.4,31.55
BH-105,TTC-G3C,31.55,36.12
BH-105,TTC-G6,16.31,17.68
BH-106,TTC-G6,18.9,20
BH-106,TTC-G3C,30.02,33.68
BH-106,TTC-G6,20,30.02
BH-072,TTC-G6,3.05,6.1
BH-072,TTC-G6,30.48,33.53
BH-072,TTC-G3C,33.53,42.67
BH-072,TTC-G6,56.39,66.14
BH-070,TTC-G6,28.43,42.2
BH-070,TTC-G3C,42.2,50.9
BH-071,TTC-G6,26.75,36.12
BH-071,TTC-G3C,36.12,42.21
BH-065,TTC-G3C,43.13,50.29
BH-065,TTC-G6,27.89,30
BH-065,TTC-G6,35.51,40
BH-065,TTC-G6,30,32.46
BH-065,TTC-G6,40,43.13
BH-066,TTC-G6,31.42,50.9
BH-067,TTC-G6,30,40
BH-067,TTC-G3C,50,50.9
BH-067,TTC-G6,40,43.7
BH-067,TTC-G3C,43.7,50
BH-068,TTC-G6,26.7,40.69
BH-067,TTC-G6,28.5,30
BH-069,TTC-G6,10.14,11.73
BH-069,TTC-G6,30.02,49.83
BH-069,TTC-G3C,49.83,61.57
BH-069,TTC-G6,16.27,17.76
BH-068,TTC-G3C,46.79,59.82
BH-061,TTC-G6,28.5,36.12
BH-061,TTC-G3C,36.12,50.9
BH-059,TTC-G6,31.29,46.76
BH-059,TTC-G3C,46.76,55.27
BH-058,TTC-G6,32.89,49.83
BH-060,TTC-G3C,45.26,50.9
BH-060,TTC-G6,30.02,45.26
BH-063,TTC-G6,25.15,40.18
BH-062,TTC-G3C,48.31,50.9
BH-062,TTC-G6,34.41,48.31
BH-062,TTC-G6,13.11,16.21
BH-075,TTC-G6,28.5,36.12
BH-075,TTC-G6,49.83,50.9
BH-075,TTC-G6,20.88,26.97
BH-075,TTC-G3C,36.12,40.69
BH-077,TTC-G3C,39.17,50.37
BH-076,TTC-G6,24.99,30.48
BH-076,TTC-G6,18.29,22.92
BH-074,TTC-G6,22.86,29.16
BH-074,TTC-G6,46.13,48.77
BH-073,TTC-G6,23.93,40.08
BH-074,TTC-G3C,39.78,45.72
BH-073,TTC-G6,8.69,13.26
BH-078,TTC-G6,42.82,44.3
BH-078,TTC-G6,20.88,22.4
BH-078,TTC-G3C,31.55,37.64
BH-080,TTC-G6,28.5,42.21
BH-079,TTC-G6,22.4,28.5
BH-079,TTC-G6,30.02,37.64
BH-080,TTC-G6,42.21,46
BH-079,TTC-G3C,37.64,45.26
BH-082,TTC-G6,25.45,32.92
BH-082,TTC-G3C,40.69,45.26
BH-082,TTC-G6,34.44,40.69
BH-084,TTC-G6,27.43,41.15
BH-085,TTC-G6,30.02,37.64
BH-087,TTC-G3C,37.8,41.59
BH-085,TTC-G6,22.25,26.97
BH-086,TTC-G3C,40.69,46.79
BH-085,TTC-G6,7.16,8.69
BH-085,TTC-G6,13.26,14.78
BH-090,TTC-G6,58.89,60.02
BH-090,TTC-G6,25.45,51.17
BH-087,TTC-G6,30.49,37.8
BH-088,TTC-G6,34.41,37.64
BH-088,TTC-G3C,37.64,40.08
BH-088,TTC-G6,25.45,30.02
BH-089,TTC-G6,26.97,31.55
BH-089,TTC-G6,16.31,22.4
BH-089,TTC-G3C,31.55,36.12
BH-038,TTC-G3C,36.12,40.23
BH-039,TTC-G6,31.39,40.08
BH-037,TTC-G6,29.11,39.17
BH-037,TTC-G3C,39.17,40.08
BH-038,FILL,0.76,1.45
BH-038,TTC-G6,25.25,36.12
BH-036,TTC-G6,28.5,36.12
BH-036,TTC-G3C,36.12,40.23
BH-040,TTC-G3C,39.09,40.23
BH-040,TTC-G6,31.32,39.09
BH-041,TTC-G6,20.62,25.3
BH-041,TTC-G6,34.52,40.23
BH-042,TTC-G6,26.97,40.23
BH-042,TTC-G6,19.35,20.88
BH-042,TTC-G6,4.5,7.16
BH-043,TTC-G6,17.83,20.73
BH-043,TTC-G6,31.36,35.66
BH-045,TTC-G3C,36.12,40.23
BH-045,TTC-G6,26.85,36.12
BH-044,TTC-G6,28.27,40.23
BH-047,TTC-G3C,36.12,40.23
BH-047,TTC-G6,25.26,36.12
BH-046,TTC-G3C,37.64,40.23
BH-046,TTC-G6,25.26,37.64
BH-048,TTC-G3C,37.64,40.08
BH-048,TTC-G6,26.97,37.64
BH-053,TTC-G6,15.7,17.22
BH-053,TTC-G6,30.94,40
BH-053,TTC-G6,40,49.23
BH-052,TTC-G6,26.97,36.12
BH-052,TTC-G6,13.26,17.83
BH-052,TTC-G6,36.12,41.61
BH-058,TTC-G3C,49.83,55.47
BH-055,TTC-G6,23.93,39.17
BH-058,TTC-G6,16.15,17.83
BH-057,TTC-G6,22.33,39.17
BH-057,TTC-G3C,39.17,46.33
BH-056,TTC-G6,14.78,17.83
BH-056,TTC-G6,36.12,45.26
BH-056,TTC-G6,7.01,10.21
BH-055,TTC-G3C,39.17,40.23
BH-054,TTC-G3C,40.69,46.33
BH-054,TTC-G6,29.8,40.69
BH-051,TTC-G3C,39.17,46.33
BH-051,TTC-G6,4.5,8.69
BH-051,TTC-G6,31.5,39.17
BH-050,TTC-G6,31.55,39.17
BH-050,TTC-G3C,39.17,40.23
BH-032,TTC-G3C,23.93,31.09
BH-025,TTC-G6,20.12,23.93
BH-024,TTC-G6,19.81,24.38
BH-029,TTC-G6,19.81,22.86
BH-029,TTC-G3C,7.62,15.29
BH-029,TTC-G6,15.29,16.76
BH-021,TTC-G6,18.42,20.88
BH-020,TTC-G6,15.39,16.31
BH-020,TTC-G6,19.35,23.16
BH-020,TTC-G6,9.7,11.73
BH-019,TTC-G6,19.35,23.93
BH-018,TTC-G6,17.83,22.4
BH-023,TTC-G6,20.88,25.45
BH-022,TTC-G6,17.83,20.88
BH-013,TTC-G6,17.8,23.4
BH-011,TTC-G6,16.31,17.83
BH-012,TTC-G6,19.35,20.88
BH-015,TTC-G6,19.35,22.4
BH-016,TTC-G6,19.35,23.93
BH-005,TTC-G6,18.3,22.4
BH-003,TTC-G6,19.35,20.42
BH-003,TTC-G3N,17.83,19.35
BH-002,TTC-G3C,8.7,14.02
BH-004,TTC-G5,17.8,20.88
BH-002,TTC-G3C,18.6,21.59
BH-002,TTC-G6,14.02,18.6
BH-001,TTC-G6,26.35,30.02
BH-001,TTC-G6,22.4,23.93
BH-001,TTC-G3C,21.34,22.4
BH-011,TTC-G6,20.88,23.93
BH-011,TTC-G6,11.73,13.26
BH-011,TTC-G3N,5.33,11.73
BH-010,TTC-G6,19.35,23.93
BH-009,TTC-G6,19.35,23.93
BH-009,TTC-G6,13.26,16.31
BH-138,TTC-G6,37.49,40.08
BH-139,TTC-G6,39.17,48.31
BH-137,TTC-G3C,19.36,22.41
BH-137,TTC-G6,47,48.33
BH-136,TTC-G6,39.17,41.61
BH-136,TTC-G6,48.31,49.68
BH-137,TTC-G6,37.65,44
BH-134,TTC-G6,37.64,48.31
BH-134,FILL,2.44,3.05
BH-135,TTC-G6,37.66,42.4
BH-135,TTC-G3C,8.69,13.26
BH-132,TTC-G6,38.89,39.93
BH-132,TTC-G6,22.29,24.59
BH-131,TTC-G6,37.46,42.27
BH-133,TTC-G6,25.45,34.59
BH-133,TTC-G6,14.78,17.83
BH-127,TTC-G6,11.74,17.8
BH-126,TTC-G6,36.13,48.33
BH-127,TTC-G6,37.65,48.33
BH-122,TTC-G3C,26.97,28.5
BH-124,TTC-G6,26.98,31.1
BH-124,TTC-G6,8.7,10.21
BH-124,TTC-G6,17.84,26.98
BH-125,TTC-G6,37.64,48.31
BH-126,FILL,3.05,3.81
BH-128,TTC-G6,23.72,26.97
BH-128,TTC-G6,43.28,51.82
BH-131,TTC-G6,8.19,8.76
BH-129,TTC-G6,25.45,31.55
BH-129,TTC-G6,14.78,22.4
BH-130,FILL,0,1.45
BH-130,TTC-G6,40.45,48.31
BH-130,TTC-G6,23.83,25.45
BH-129,TTC-G3C,31.55,36.12
BH-129,TTC-G6,57.45,61.42
BH-128,TTC-G6,37.41,39.62
BH-151,TTC-G6,16.31,17.83
BH-151,TTC-G6,33.07,43.56
BH-152,TTC-G3C,14.78,18.57
BH-152,TTC-G3C,34.35,44.27
BH-153,TTC-G6,34.34,37.64
BH-155,TTC-G3C,14.59,16.31
BH-156,TTC-G6,32.69,37.64
BH-156,TTC-G6,57.45,61.57
BH-155,TTC-G6,57.45,60.05
BH-154,TTC-G6,33.53,43.59
BH-155,TTC-G3C,31.34,42.21
BH-157,TTC-G6,32.8,44.27
BH-159,TTC-G6,30.76,34.44
BH-159,TTC-G6,14.45,15.24
BH-159,TTC-G6,56.39,67.06
BH-159,TTC-G3C,34.44,42.67
BH-160,TTC-G6,32.91,43.74
BH-161,TTC-G6,16.46,17.83
BH-161,TTC-G6,34.42,40.69
BH-161,TTC-G6,43.74,45.16
BH-161,FILL,0.48,0.76
BH-162,TTC-G6,46.23,46.48
BH-162,FILL,0.56,0.99
BH-162,TTC-G6,44.83,45.52
BH-162,TTC-G3C,15.39,17.53
BH-162,FILL,0.07,0.2
BH-163,TTC-G3C,34.33,39.17
BH-163,FILL,2.46,4.22
BH-162,TTC-G6,34.6,41.15
BH-164,TTC-G6,57.45,58.98
BH-164,FILL,0.76,1.98
BH-165,TTC-G6,19.18,20.29
BH-164,TTC-G6,33.07,43.74
BH-167,TTC-G3C,16.23,19.33
BH-166,TTC-G3C,15.77,20.24
BH-171,TTC-G3C,14.68,17.07
BH-171,TTC-G6,32.82,34.49
BH-171,TTC-G6,54.41,60.05
BH-172,TTC-G6,57.45,60.05
BH-172,TTC-G6,32.82,37.64
BH-172,TTC-G6,42.21,43.53
BH-172,TTC-G3C,39.17,42.21
BH-168,TTC-G6,34.65,41.48
BH-170,TTC-G6,34.4,39.17
BH-169,TTC-G6,34.35,39.17
BH-168,TTC-G3C,15.24,16.23
BH-144,TTC-G6,16.71,18.29
BH-145,TTC-G6,34.48,45.26
BH-146,TTC-G6,35.33,39.17
BH-145,TTC-G6,16.28,18.75
BH-142,TTC-G3C,40.69,43.74
BH-142,TTC-G6,36.03,40.69
BH-143,TTC-G6,33.32,38.1
BH-143,TTC-G3C,38.1,43.21
BH-143,TTC-G6,15.24,17.37
BH-146,FILL,0.55,0.74
BH-147,TTC-G6,34.33,43.74
BH-149,TTC-G6,14.58,17.83
BH-150,TTC-G6,32.83,37.64
BH-148,TTC-G6,57.37,60.05
BH-149,TTC-G6,30.58,36.58
BH-149,TTC-G6,54.86,67.06
BH-148,TTC-G6,29.92,43.64
BH-148,TTC-G6,14.78,17.65
BH-141,TTC-G3C,19.35,20.8
BH-141,TTC-G6,39.17,49.83
BH-141,TTC-G6,20.8,22.4
BH-140,TTC-G6,37.65,41.77
BH-191,TTC-G3C,0.58,2.21
BH-191,FILL,0,0.58
BH-191,TTC-G6,5.26,6.02
BH-190,TTC-G6,39.2,41.77
BH-192,TTC-G6,34.4,45.3
BH-192,TTC-G6,59.1,61.59
BH-183,TTC-G6,16.31,17.83
BH-183,TTC-G6,33.07,36.12
BH-185,TTC-G6,35.93,40.23
BH-184,TTC-G6,34.37,42.21
BH-184,TTC-G6,16.23,17.17
BH-186,TTC-G6,37.6,41.77
BH-188,TTC-G6,34.34,43.69
BH-173,TTC-G6,14.78,16.31
BH-173,TTC-G6,4.78,7.01
BH-174,TTC-G6,7.16,16.89
BH-174,TTC-G6,29.89,33.07
BH-176,TTC-G3C,19.36,22.95
BH-175,TTC-G6,35.97,45.26
BH-176,TTC-G3C,29.79,31.47
BH-177,TTC-G6,36.13,45.28
BH-177,TTC-G6,59,61.59
BH-177,TTC-G3C,19.5,22.41
BH-182,TTC-G6,36.81,44.6
BH-182,TTC-G3C,7.09,13.11
BH-182,TTC-G3C,3.73,5.25
BH-178,TTC-G3C,31.4,32.8
BH-180,TTC-G6,6.92,9.3
BH-180,TTC-G6,39.7,41.3
BH-181,TTC-G6,36,41.77
BH-193,TTC-G6,35.1,39.17
BH-194,TTC-G3C,23.93,31.55
BH-195,TTC-G6,58.99,61.59
BH-195,TTC-G6,17.84,19.4
BH-195,TTC-G3C,19.4,20.88
BH-197,TTC-G6,37.5,41.5
BH-197,TTC-G3C,41.5,46.33
BH-197,TTC-G3C,14.6,19.2
BH-195,TTC-G6,36.13,45.28
BH-198,TTC-G6,34.44,43.74
BH-198,TTC-G3C,43.74,49.84
BH-200,TTC-G6,32.92,45.26
BH-200,TTC-G3C,45.26,55.47
BH-199,TTC-G6,42.2,45.3
BH-199,TTC-G6,36,42.2
BH-199,TTC-G3C,45.3,46.33
BH-201,TTC-G6,36.03,45.27
BH-201,TTC-G3C,45.27,55.47
BH-203,TTC-G6,36.13,45.28
BH-202,TTC-G6,37.64,40.23
BH-204,TTC-G6,32.9,42.9
BH-204,TTC-G3C,42.9,52.43
BH-207,TTC-G6,32.2,45.3
BH-207,TTC-G3C,51.3,52.43
BH-207,TTC-G3C,45.3,48.3
BH-207,FILL,0.3,1.52
BH-206,TTC-G3C,46.79,55.47
BH-206,TTC-G6,28.35,30.71
BH-205,TTC-G6,34.59,46.63
BH-206,TTC-G6,32.92,46.79
BH-205,TTC-G3C,46.63,55.47
BH-211,TTC-G3C,43.7,50.9
BH-211,TTC-G3C,7.16,10.2
BH-210,TTC-G6,34.6,43.74
BH-210,TTC-G3C,5.6,8.7
BH-210,TTC-G6,28.4,34.6
BH-210,TTC-G3C,43.74,51.36
BH-210,TTC-G6,51.36,61.57
BH-208,TTC-G6,39.17,40.23
BH-209,TTC-G6,17.83,20.88
BH-209,TTC-G3C,45.26,55.47
BH-209,TTC-G6,34.37,45.26
BH-211,TTC-G6,31.55,43.7
BH-211,TTC-G3C,10.2,13.15
BH-211,TTC-G6,28.35,31.55
BH-213,TTC-G3C,49.7,66.14
BH-215,TTC-G6,39,49.7
BH-218,TTC-G3C,8.5,9.5
BH-219,TTC-G6,32.92,45.26
BH-219,TTC-G3C,45.26,55.47
BH-217,TTC-G3C,49.8,66.14
BH-216,TTC-G6,46.8,48.2
BH-216,TTC-G3C,48.2,66.14
BH-220,TTC-G6,15.7,16.3
BH-220,FILL,3,4.5
BH-220,TTC-G6,35.9,46.2
BH-221,TTC-G6,14.5,17.4
BH-221,TTC-G6,35.8,42.7
BH-222,TTC-G3C,5.5,9.3
BH-222,TTC-G3C,48.2,52.9
BH-222,TTC-G6,45.3,48.2
BH-222,TTC-G3C,52.9,66.14
BH-223,TTC-G6,33,40.7
BH-223,TTC-G6,30,33
BH-223,TTC-G6,45.26,46.8
BH-223,TTC-G3C,7.1,10.2
BH-223,TTC-G3C,46.8,50.9
BH-223,TTC-G3C,40.7,45.26
BH-224,TTC-G6,14.6,22.5
BH-224,TTC-G7,31.4,35.66
BH-225,TTC-G6,37.6,41.61
BH-225,TTC-G6,7.2,8.7
BH-225,TTC-G6,16.3,17.8
BH-226,TTC-G6,33,40.7
BH-226,TTC-G6,30,33
BH-226,TTC-G6,13.8,14.7
BH-233,TTC-G6,30.48,44.2
BH-234,TTC-G6,6.1,6.4
BH-234,TTC-G6,34.6,40.23
BH-235,TTC-G6,26.97,39.55
BH-230,TTC-G3C,31.46,34.59
BH-230,TTC-G6,34.59,46.74
BH-232,TTC-G6,30,40.23
BH-231,TTC-G6,32.28,49.83
BH-231,TTC-G6,15.83,17.07
BH-231,TTC-G3C,49.83,50.9
BH-229,TTC-G7,38.4,47.55
BH-229,TTC-G3C,56.69,66.14
BH-228,TTC-G3C,11.1,13.2
BH-228,FILL,3.81,4.57
BH-228,TTC-G3C,46.8,52.43
BH-228,TTC-G6,33.1,46.8
BH-226,TTC-G3C,40.7,50.9
BH-226,TTC-G3C,9.45,11.6
BH-227,TTC-G6,2.7,4.5
BH-244,TTC-G6,57.42,66.14
BH-244,TTC-G3C,34.59,39.7
BH-244,TTC-G6,3.49,7.05
BH-244,TTC-G6,26.97,34.59
BH-244,TTC-G6,19.35,23.93
BH-240,TTC-G6,20.7,24.9
BH-241,TTC-G6,17.8,22.4
BH-242,TTC-G3N,8.3,9.1
BH-239,TTC-G6,17.65,20.88
BH-239,TTC-G3C,36.12,40.23
BH-239,TTC-G6,30.02,36.12
BH-236,TTC-G3C,14.97,17.32
BH-236,TTC-G6,31.29,36.12
BH-237,FILL,0,1.45
BH-238,TTC-G6,38.15,48.9
BH-238,TTC-G4,20.12,29.26
BH-237,TTC-G4,7.16,30.71
BH-239,TTC-G3N,6.4,13.26
BH-241,TTC-G3N,2.3,13.2
BH-230,TTC-G4,20.65,31.46
BH-236,TTC-G4,17.32,24.12
BH-233,TTC-G4,28.96,30.48
BH-226,TTC-G4,27,30
BH-226,TTC-G4,20.8,23.8
BH-222,TTC-G4,22.3,23.9
BH-219,TTC-G3N,3.05,6.99
BH-218,TTC-G3N,1.52,3.81
BH-218,TTC-G3N,7.16,8.5
BH-214,TTC-G3N,8.7,11.6
BH-214,TTC-G3N,3.05,7.16
BH-213,TTC-G3N,14.6,33.1
BH-213,TTC-G3N,46.5,49.7
BH-209,TTC-G3N,1.5,3.73
BH-206,TTC-G3N,2.29,8.52
BH-207,TTC-G4,24.7,26.2
BH-207,TTC-G3N,1.52,5.33
BH-207,TTC-G4,16.3,17.6
BH-203,TTC-G4,13.26,19.36
BH-200,TTC-G3N,3.05,9.96
BH-196,TTC-G4,1.83,3.73
BH-195,TTC-G4,52.9,58.99
BH-195,TTC-G4,8.69,11.74
BH-194,TTC-G3N,31.55,40.08
BH-193,TTC-G3N,6.02,10.21
BH-181,TTC-G4,7.1,22.4
BH-181,TTC-G4,33.2,36
BH-177,TTC-G4,45.28,46.8
BH-177,TTC-G4,3.81,4.57
BH-177,TTC-G4,22.41,36.13
BH-177,TTC-G4,8.69,13.26
BH-188,TTC-G4,25.29,34.34
BH-188,FILL,1.45,3.73
BH-188,TTC-G4,3.73,8.66
BH-189,TTC-G4,0.69,7.16
BH-186,TTC-G5,26.9,30.1
BH-187,FILL,0.15,2.21
BH-192,TTC-G4,25.4,34.4
BH-192,TTC-G4,52.9,55.8
BH-192,TTC-G4,3.81,4.57
BH-193,TTC-G4,2.97,6.02
BH-140,TTC-G4,31.55,37.65
BH-141,TTC-G4,58.98,60.5
BH-141,TTC-G4,49.83,51.36
BH-150,TTC-G4,22.19,32.83
BH-142,TTC-G4,13.08,36.03
BH-145,TTC-G4,2.97,7.07
BH-145,TTC-G4,45.26,60.05
BH-143,TTC-G4,54.86,57.91
BH-145,TTC-G4,18.75,28.25
BH-169,TTC-G3N,2.21,10.12
BH-171,TTC-G4,2.97,13.26
BH-171,TTC-G4,17.07,32.82
BH-166,TTC-G4,0.15,6.1
BH-166,TTC-G4,20.24,28.96
BH-167,FILL,0.2,1.6
BH-167,TTC-G3N,1.6,8.66
BH-165,TTC-G4,14.55,19.18
BH-163,TTC-G3N,4.22,10.21
BH-158,FILL,0.15,2.9
BH-158,TTC-G3N,3.2,8.69
BH-157,TTC-G4,12.98,17.72
BH-156,TTC-G4,2.97,9.94
BH-156,TTC-G2,9.94,17.09
BH-153,TTC-G4,1.45,11.58
BH-129,TTC-G4,46.79,49.83
BH-129,TTC-G4,22.4,25.45
BH-125,TTC-G4,34.8,37.64
BH-124,TTC-G4,3.05,8.7
BH-123,TTC-G4,20.88,39.8
BH-126,TTC-G4,55.94,61.59
BH-127,TTC-G4,17.8,23.93
BH-127,TTC-G4,55.94,57.47
BH-132,TTC-G3N,3.73,16.09
BH-134,TTC-G4,14.78,22.4
BH-136,TTC-G4,16.31,17.83
BH-136,TTC-G4,25.45,39.17
BH-137,TTC-G4,48.33,49.85
BH-137,TTC-G4,33,37.65
BH-137,TTC-G4,58.7,61.33
BH-137,TTC-G3N,1.83,8.69
BH-139,TTC-G3N,5.64,14.78
BH-139,TTC-G4,28.5,39.17
BH-139,TTC-G4,14.78,16.31
BH-028,TTC-G4,7.62,10.67
BH-027,TTC-G4,12.65,28.3
BH-027,TTC-G3N,2.21,12.65
BH-027,TTC-G3N,35.92,39.85
BH-031,TTC-G3N,16.31,30.02
BH-049,TTC-G4,16.31,20.88
BH-051,TTC-G4,8.69,11.73
BH-051,TTC-G3N,11.73,20.73
BH-054,TTC-G3N,2.36,14.78
BH-055,TTC-G3N,8.69,14.78
BH-055,TTC-G4,14.78,22.25
BH-056,TTC-G4,17.83,32.16
BH-055,TTC-G3N,1.45,4.5
BH-057,TTC-G3N,3.73,13.26
BH-058,TTC-G4,25.3,32.89
BH-058,TTC-G3N,0.76,10.06
BH-058,TTC-G4,17.83,19.17
BH-047,TTC-G3N,2.21,8.69
BH-047,TTC-G4,8.69,13.26
BH-046,TTC-G3N,2.21,5.64
BH-046,TTC-G3N,14.78,20.62
BH-045,TTC-G3N,19.35,23.77
BH-045,TTC-G4,8.69,13.26
BH-045,TTC-G3N,0.84,5.64
BH-043,TTC-G4,20.73,23.93
BH-041,TTC-G3N,10.21,11.7
BH-041,TTC-G3N,19.3,20.62
BH-039,TTC-G3N,2.21,20.88
BH-040,TTC-G4,22.25,26.72
BH-036,TTC-G3N,2.29,20.88
BH-037,TTC-G4,17.83,20.88
BH-038,TTC-G3N,1.45,13.26
BH-089,TTC-G4,8.69,10.21
BH-089,TTC-G4,23.93,26.97
BH-089,ALLUVIUM,5.33,8.69
BH-088,TTC-G4,11.73,13.26
BH-091,FILL,0,2.29
BH-090,TTC-G4,8.59,23.84
BH-085,TTC-G3N,1.45,7.16
BH-085,TTC-G4,14.78,16
BH-086,TTC-G4,1.45,19.2
BH-087,TTC-G4,23.9,27
BH-084,TTC-G4,15.24,22.86
BH-082,TTC-G3N,0.69,13.26
BH-079,TTC-G4,0.76,4.5
BH-080,TTC-G4,19.35,25.45
BH-080,TTC-G3N,3.73,14.78
BH-079,TTC-G3N,4.5,11.73
BH-081,TTC-G4,16.76,24.38
BH-081,TTC-G4,51.82,57.91
BH-074,TTC-G4,9.14,20.4
BH-073,TTC-G3N,1.22,6.2
BH-076,TTC-G3C,3.05,4.57
BH-062,TTC-G4,20.69,23.7
BH-061,TTC-G3N,8.61,17.72
BH-064,TTC-G3N,43.58,50.9
BH-064,TTC-G4,29.87,34.5
BH-064,TTC-G3N,10.2,14.78
BH-064,TTC-G3N,1.5,4.5
BH-064,TTC-G3N,17.68,29.87
BH-064,TTC-G3N,34.5,39.01
BH-060,TTC-G3N,2.36,11.66
BH-060,TTC-G4,13.11,17.68
BH-059,TTC-G3N,0.99,11.64
BH-061,TTC-G4,25.22,26.73
BH-061,TTC-G3N,1.45,2.21
BH-061,TTC-G4,22.33,23.77
BH-068,TTC-G4,14.78,19.35
BH-069,TTC-G4,17.76,20.88
BH-067,TTC-G4,13.26,20
BH-067,TTC-G4,20,22.4
BH-066,TTC-G4,17.83,22.2
BH-065,TTC-G3N,1.83,3.73
BH-065,TTC-G3N,5.64,10
BH-065,TTC-G3N,10,14.17
BH-065,TTC-G4,14.17,20.27
BH-071,TTC-G4,20.87,26.75
BH-071,TTC-G4,3.73,7.16
BH-071,TTC-G3N,7.16,13.26
BH-070,TTC-G3N,9.32,20.68
BH-070,TTC-G3N,0.86,4.5
BH-069,TTC-G3N,1.45,10.14
BH-072,TTC-G4,27.43,30.48
BH-105,TTC-G4,7.16,10.21
BH-106,TTC-G4,50,50.9
BH-106,TTC-G4,43.74,50
BH-105,TTC-G4,43.74,46.79
BH-105,TTC-G4,20.88,22.4
BH-107,TTC-G4,43.74,45.26
BH-107,TTC-G3N,1.52,4.57
BH-103,TTC-G4,5.26,7
BH-102,TTC-G3N,3.05,10.2
BH-099,TTC-G4,8.69,10.21
BH-100,TTC-G4,4.78,22.16
BH-100,TTC-G4,52.88,61.57
BH-099,TTC-G4,30,31.55
BH-099,TTC-G4,26.97,30
BH-096,TTC-G4,14.62,27.56
BH-092,TTC-G4,28.5,31.55
BH-093,TTC-G5,13.2,16.3
BH-111,TTC-G4,10.21,14.78
BH-110,TTC-G4,22.4,23.93
BH-110,TTC-G4,10.21,17.83
BH-108,TTC-G4,2.97,7.16
BH-111,TTC-G4,33.07,36.12
BH-110,TTC-G4,34.59,37.64
BH-110,TTC-G3N,0.69,10.21
BH-112,TTC-G4,13.26,26.97
BH-115,TTC-G4,23.93,30.02
BH-115,TTC-G3N,1.45,4.57
BH-115,TTC-G4,30.02,34.59
BH-117,TTC-G3N,1.45,5.64
BH-118,TTC-G4,13.26,19.35
BH-118,TTC-G4,26.97,35.97
BH-119,TTC-G3N,2.21,11.73
BH-120,TTC-G3N,1.52,7.2
BH-120,TTC-G4,32.16,36.1
BH-122,TTC-G4,28.5,32.92
BH-122,TTC-G3N,0.69,11.73
BH-176,TTC-G1,16.31,19.36
BH-210,TTC-G1,17.8,21.5
BH-208,TTC-G2,23.93,30.02
BH-212,TTC-G1,19.3,23.17
BH-202,TTC-G2,17.83,23.93
BH-086,FILL,0,1.45
BH-085,TTC-G5,28.5,30.02
BH-086,TTC-G5,54.24,61.57
BH-087,TTC-G3N,3.05,4.5
BH-087,TTC-G4,20.8,23.9
BH-087,TTC-G5,27,30.49
BH-087,TTC-G5,4.5,13.3
BH-084,TTC-G5,4.57,7.62
BH-084,TTC-G5,11.65,15.24
BH-090,FILL,0.1,0.69
BH-090,TTC-G5,23.84,25.45
BH-088,TTC-G5,30.02,34.41
BH-088,TTC-G5,21,25.45
BH-088,TTC-G3N,1.45,5.64
BH-088,TTC-G5,5.64,11.73
BH-089,TTC-G5,10.21,16.31
BH-089,TTC-G5,43.74,46.79
BH-075,TTC-G5,14.78,17.83
BH-075,TTC-G5,10.21,13.26
BH-075,TTC-G5,26.97,28.5
BH-075,TTC-G5,4.5,5.64
BH-076,TTC-G5,4.57,18.29
BH-077,TTC-G4,23.93,26.79
BH-077,TTC-G5,10.1,12.4
BH-077,TTC-G5,16.19,23.93
BH-073,TTC-G5,14.78,23.93
BH-078,TTC-G5,19.2,20.88
BH-078,TTC-G5,5.64,14.78
BH-081,TTC-G5,57.91,62.48
BH-079,TTC-G5,11.73,14.78
BH-079,TTC-G5,17.83,22.4
BH-065,TTC-G5,20.27,24.84
BH-066,TTC-G5,10.21,16.23
BH-066,TTC-G5,22.2,31.42
BH-066,TTC-G3N,1.45,10.21
BH-067,TTC-G5,6.1,10.21
BH-067,TTC-G3N,3.73,6.1
BH-068,TTC-G5,40.69,46.79
BH-067,TTC-G5,22.4,25.45
BH-068,TTC-G5,19.35,26.7
BH-068,TTC-G3N,3.73,5.64
BH-069,TTC-G5,11.73,16.27
BH-068,TTC-G3N,1.45,3.73
BH-068,TTC-G5,8.69,11.58
BH-068,TTC-G3N,7.01,8.69
BH-068,TTC-G5,1.07,1.45
BH-069,TTC-G5,25.45,30.02
BH-072,TTC-G5,12.19,17.09
BH-061,FILL,0.76,1.45
BH-059,TTC-G5,25.3,31.29
BH-059,TTC-G5,11.64,14.63
BH-060,TTC-G5,20.65,30.02
BH-060,FILL,1.45,2.36
BH-064,TTC-G4,39.01,43.58
BH-064,TTC-G5,14.78,17.68
BH-063,TTC-G5,12.95,17.59
BH-063,TTC-G5,22.25,23.62
BH-063,TTC-G5,6.86,12.95
BH-062,TTC-G5,5.64,13.11
BH-062,TTC-G5,23.7,34.41
BH-122,TTC-G5,32.92,36.12
BH-122,TTC-G5,19.35,25.45
BH-121,TTC-G3N,6.1,11.74
BH-120,FILL,0.12,1.52
BH-119,TTC-G5,32.92,36.12
BH-118,TTC-G3N,1.45,3.81
BH-117,TTC-G3N,5.64,13.26
BH-118,TTC-G5,22.4,26.97
BH-117,TTC-G3N,26.97,36.12
BH-116,TTC-G3N,3.05,13.2
BH-115,TTC-G3N,4.57,20.88
BH-114,TTC-G5,5.26,6.55
BH-114,TTC-G5,19.35,22.4
BH-114,TTC-G3N,1.45,5.26
BH-114,TTC-G5,8.08,10.21
BH-114,TTC-G3N,6.55,8.08
BH-112,TTC-G3N,3.66,13.26
BH-113,TTC-G3N,5.64,13.26
BH-113,TTC-G3N,2.29,5.64
BH-109,TTC-G5,20.88,23.93
BH-109,TTC-G5,8.69,16.31
BH-111,TTC-G5,8.69,10.21
BH-110,TTC-G5,23.93,30.02
BH-109,TTC-G5,30.02,31.55
BH-111,TTC-G4,23.77,26.97
BH-111,TTC-G5,17.83,23.77
BH-111,TTC-G3N,0.69,7.16
BH-092,TTC-G5,16.31,19.35
BH-092,TTC-G5,4.88,10.21
BH-096,TTC-G4,55.91,64.24
BH-097,TTC-G5,13.18,26.75
BH-094,TTC-G4,14.62,17.67
BH-099,TTC-G5,20,20.88
BH-099,TTC-G5,0.69,8.69
BH-099,TTC-G5,13.26,20
BH-101,TTC-G5,23.93,30.1
BH-101,TTC-G5,5.64,14.63
BH-097,TTC-G3N,2.97,7.16
BH-098,TTC-G5,19.13,23.93
BH-098,TTC-G5,7.16,8.69
BH-098,TTC-G4,52.81,60.5
BH-102,TTC-G4,33.1,34.6
BH-102,TTC-G5,34.6,35.8
BH-102,TTC-G5,10.2,13.2
BH-103,TTC-G5,11.57,16.08
BH-103,TTC-G4,53.47,61.57
BH-104,TTC-G5,4.11,7.09
BH-107,TTC-G5,30,34.59
BH-107,TTC-G5,4.57,10.21
BH-107,TTC-G5,19.35,20
BH-107,TTC-G5,20,30
BH-109,TTC-G5,48.31,50.9
BH-109,TTC-G5,0.69,2.97
BH-108,TTC-G4,57.45,61.37
BH-106,TTC-G5,7.16,10
BH-105,TTC-G5,10.21,14.78
BH-106,TTC-G5,10,11.73
BH-035,TTC-G5,16.31,19.35
BH-035,TTC-G5,7.16,13.26
BH-035,TTC-G5,20.88,23.93
BH-034,TTC-G4,20.88,25.45
BH-034,TTC-G4,26.97,30.02
BH-039,FILL,1.45,2.21
BH-039,TTC-G5,20.88,31.39
BH-038,TTC-G4,20.88,25.25
BH-037,TTC-G5,20.88,24.38
BH-036,TTC-G3N,1.52,2.29
BH-036,TTC-G5,20.88,28.5
BH-041,TTC-G5,25.3,31.55
BH-041,TTC-G4,7.16,10.21
BH-040,TTC-G5,26.72,31.32
BH-040,TTC-G3N,1.45,7.16
BH-040,TTC-G3N,11.73,16.31
BH-043,TTC-G5,23.93,31.36
BH-043,TTC-G3N,1.45,17.83
BH-042,TTC-G3N,1.98,4.5
BH-045,TTC-G5,23.77,26.85
BH-044,TTC-G3N,11.73,20.88
BH-044,TTC-G3N,0.69,7.16
BH-044,TTC-G5,22.25,28.27
BH-047,TTC-G5,19.35,25.26
BH-046,TTC-G5,5.64,10.21
BH-046,TTC-G5,13.26,14.78
BH-046,TTC-G5,20.62,25.26
BH-048,TTC-G5,17.83,26.97
BH-048,TTC-G5,3.73,5.64
BH-048,TTC-G3N,1.07,3.73
BH-048,TTC-G3N,14.78,17.83
BH-052,TTC-G5,17.83,26.97
BH-052,TTC-G3N,3.05,5.64
BH-053,TTC-G3N,1.83,3.73
BH-053,TTC-G5,8.08,15.7
BH-057,TTC-G5,13.26,22.33
BH-058,TTC-G5,10.06,16.15
BH-057,TTC-G4,2.98,3.73
BH-057,FILL,1.45,2.98
BH-056,TTC-G5,32.16,36.12
BH-056,TTC-G5,45.26,45.97
BH-056,TTC-G5,10.21,14.78
BH-056,TTC-G3N,3.73,7.01
BH-056,TTC-G3N,0.91,3.73
BH-055,FILL,0.91,1.45
BH-054,TTC-G5,20.73,25.38
BH-051,TTC-G5,20.73,31.5
BH-050,TTC-G5,8.7,13.26
BH-050,TTC-G5,23.93,31.55
BH-049,TTC-G4,3.2,8.69
BH-049,TTC-G3N,2.44,3.2
BH-049,TTC-G3N,14.78,16.31
BH-049,TTC-G3N,8.69,11.73
BH-049,TTC-G5,20.88,28.5
BH-031,FILL,0.68,3.05
BH-031,TTC-G3N,3.05,6.35
BH-031,TTC-G5,6.35,8.7
BH-032,TTC-G3N,2.29,5.6
BH-032,FILL,0.43,1.52
BH-027,TTC-G5,31.39,35.92
BH-025,TTC-G5,19.35,20.12
BH-026,TTC-G5,13.29,26.97
BH-028,TTC-G3N,10.67,30.48
BH-028,TTC-G3N,4.57,7.62
BH-029,TTC-G3C,4.57,7.62
BH-029,FILL,0.86,1.63
BH-029,TTC-G3N,1.63,4.57
BH-028,FILL,0.28,1.4
BH-030,TTC-G5,13.3,17.8
BH-030,TTC-G5,19.3,22.4
BH-029,TTC-G5,18.29,19.81
BH-029,TTC-G4,22.86,24.38
BH-009,TTC-G3N,11.15,13.26
BH-010,TTC-G3N,4.57,7.16
BH-007,FILL,0.15,1.52
BH-007,TTC-G3N,3.81,4.57
BH-007,TTC-G3N,2.29,3.05
BH-001,TTC-G5,25.45,26.35
BH-002,FILL,4.57,5.33
BH-004,TTC-G3N,4.57,8.7
BH-005,TTC-G3N,1.8,3.81
BH-006,TTC-G3N,1.52,4.57
BH-017,TTC-G3N,0.9,3.05
BH-021,TTC-G3N,7.16,10.2
BH-019,TTC-G3N,7.16,11.73
BH-020,TTC-G3N,1.52,7.16
BH-201,TTC-G5,30.02,36.03
BH-201,TTC-G3N,14.8,16.15
BH-202,TTC-G5,26.98,37.64
BH-203,TTC-G5,55.94,58.8
BH-199,TTC-G3N,3.05,4.57
BH-200,TTC-G5,25.3,32.92
BH-199,TTC-G3N,0.76,3.05
BH-199,FILL,0.63,0.76
BH-199,TTC-G5,26,36
BH-198,TTC-G5,26.97,32.92
BH-195,TTC-G5,4.57,8.69
BH-197,TTC-G5,28.35,37.5
BH-196,TTC-G4,19.36,26.97
BH-204,TTC-G3N,2.5,5.6
BH-204,TTC-G5,28.3,32.9
BH-204,FILL,0.37,2.5
BH-204,TTC-G4,25.3,28.3
BH-207,TTC-G5,26.2,30
BH-207,TTC-G3N,5.33,9.3
BH-207,TTC-G5,14.8,16.3
BH-206,TTC-G5,23.93,28.35
BH-205,TTC-G5,19.35,20.88
BH-205,TTC-G3N,2.21,4.33
BH-206,TTC-G4,30.71,32.92
BH-192,FILL,0.56,3.05
BH-190,TTC-G4,17.8,19.2
BH-190,TTC-G3N,1.83,4.57
BH-191,TTC-G4,6.02,7.16
BH-191,TTC-G5,13.26,20.86
BH-191,TTC-G4,26.97,34.59
BH-191,TTC-G3N,2.21,4.27
BH-183,TTC-G3N,3.81,4.5
BH-184,TTC-G4,2.97,4.8
BH-186,TTC-G3N,2.13,5.6
BH-186,TTC-G3N,5.6,11.8
BH-176,TTC-G3N,11.74,16.31
BH-176,TTC-G3N,24.08,29.79
BH-177,FILL,0.46,2.29
BH-177,TTC-G5,54.42,59
BH-174,FILL,0.76,2.21
BH-174,TTC-G5,16.89,22.4
BH-174,TTC-G4,4.49,7.16
BH-175,TTC-G4,30,31.55
BH-182,TTC-G5,26.98,31.47
BH-182,FILL,0.48,0.76
BH-181,FILL,0.71,1.22
BH-180,TTC-G3N,9.3,11.65
BH-178,TTC-G3N,23.8,31.4
BH-178,TTC-G3N,5.5,8.7
BH-178,TTC-G3N,3.1,3.81
BH-215,TTC-G5,8.7,10.2
BH-215,TTC-G4,20.9,22.4
BH-211,TTC-G5,23.9,28.35
BH-213,FILL,0.55,2.29
BH-220,FILL,4.5,6.5
BH-219,TTC-G4,24.48,32.92
BH-216,TTC-G4,8.7,10.2
BH-216,TTC-G3N,2.29,5.6
BH-208,TTC-G5,31.55,33
BH-208,TTC-G5,34.4,36.1
BH-208,FILL,0.2,3.89
BH-209,TTC-G5,29.06,31.46
BH-211,FILL,0.4,1.52
BH-210,TTC-G5,23.8,28.4
BH-210,FILL,1.52,2.29
BH-210,TTC-G5,21.5,22.3
BH-210,TTC-G3N,2.29,3.05
BH-220,TTC-G5,7.2,8.6
BH-220,TTC-G4,10.2,15.7
BH-220,TTC-G4,46.2,48.2
BH-220,FILL,0.2,3
BH-221,TTC-G4,6.9,9.1
BH-221,TTC-G5,11.5,12.2
BH-221,FILL,4.6,6.5
BH-221,TTC-G4,46.7,48.2
BH-222,TTC-G4,43.7,45.3
BH-225,TTC-G4,11.7,16.3
BH-225,TTC-G3N,8.7,11.7
BH-225,FILL,0.8,3.7
BH-226,TTC-G5,23.8,27
BH-224,TTC-G5,0.7,3.7
BH-223,TTC-G4,22.9,23.8
BH-223,FILL,0.2,1.52
BH-223,TTC-G5,23.8,30
BH-138,TTC-G3N,4.5,11.73
BH-138,TTC-G5,11.73,13.26
BH-140,FILL,3.05,3.81
BH-139,TTC-G3N,0.69,1.83
BH-139,TTC-G4,22.4,28.5
BH-139,TTC-G5,19.35,22.4
BH-137,TTC-G3N,8.69,13.26
BH-134,FILL,0.38,2.44
BH-135,TTC-G5,13.26,14.79
BH-135,TTC-G5,60.6,61.59
BH-135,TTC-G3N,0.61,6.86
BH-133,TTC-G5,5.64,14.78
BH-127,FILL,0.28,3.05
BH-127,TTC-G3N,7.16,11.74
BH-127,TTC-G5,5.64,7.16
BH-126,TTC-G5,16.31,19.36
BH-123,TTC-G3N,1.45,7.16
BH-125,TTC-G5,17.83,22.04
BH-125,TTC-G5,55.93,61.59
BH-126,FILL,0.5,1.52
BH-126,FILL,2.44,3.05
BH-128,TTC-G5,39.62,43.28
BH-128,TTC-G4,3.1,5.44
BH-130,TTC-G4,3.73,5.1
BH-131,TTC-G4,22.02,29.91
BH-130,TTC-G3N,1.45,3.73
BH-129,TTC-G5,11.73,14.78
BH-129,TTC-G5,45.26,46.79
BH-153,TTC-G4,14.78,16.19
BH-158,TTC-G4,45.8,49.17
BH-162,FILL,0.99,1.52
BH-162,TTC-G3N,4.57,6.1
BH-161,FILL,0.76,1.45
BH-161,TTC-G4,17.83,22.3
BH-161,TTC-G4,10.11,13.17
BH-161,TTC-G3N,1.45,7.01
BH-164,TTC-G4,10.95,17.83
BH-164,TTC-G4,23.93,33.07
BH-162,TTC-G3N,1.52,4.11
BH-162,TTC-G4,17.53,19.51
BH-162,TTC-G4,10.67,12.19
BH-169,TTC-G5,43.74,46.66
BH-169,TTC-G4,17.68,34.35
BH-168,TTC-G3N,1.91,6.88
BH-144,TTC-G4,21.34,24.38
BH-146,TTC-G3N,0.74,4.5
BH-146,TTC-G4,45.17,46.6
BH-146,TTC-G4,16.31,22.25
BH-150,TTC-G4,8.53,10.05
BH-141,TTC-G5,22.4,23.77
BH-232,TTC-G5,22.25,25.15
BH-234,TTC-G5,25.91,31.55
BH-235,TTC-G5,2.97,5.11
BH-235,TTC-G4,7.39,18.97
BH-235,TTC-G5,18.97,20.5
BH-230,TTC-G5,9.99,12.89
BH-231,TTC-G5,7.62,15.83
BH-231,TTC-G3N,2.13,4.88
BH-232,TTC-G4,14.78,17.83
BH-232,TTC-G5,25.15,30
BH-228,TTC-G5,23.8,29.9
BH-229,TTC-G3N,29.16,32.31
BH-229,TTC-G5,53.47,56.69
BH-227,TTC-G4,1.5,2.7
BH-227,TTC-G4,24,31.3
BH-227,TTC-G4,33.2,35.66
BH-227,TTC-G5,19.4,24
BH-227,TTC-G3N,4.5,5.6
BH-226,FILL,1.52,2.7
BH-241,TTC-G4,22.4,30.63
BH-241,TTC-G4,13.2,17.8
BH-240,TTC-G4,24.9,30.8
BH-240,TTC-G3N,2.6,9
BH-242,TTC-G3N,2.3,8.3
BH-242,TTC-G5,9.1,11.4
BH-242,FILL,0.6,1.5
BH-243,TTC-G4,7.2,8.23
BH-240,TTC-G5,9,11.7
BH-240,TTC-G4,17.6,20.7
BH-239,TTC-G5,20.88,30.02
BH-244,TTC-G5,23.93,26.97
BH-244,TTC-G5,7.05,16.23
BH-243,TTC-G3N,3.1,7.2
BH-244,TTC-G5,16.23,19.35
BH-244,TTC-G4,49.83,57.42
BH-144,TTC-G5,18.29,21.34
BH-126,TTC-G5,54.42,55.94
BH-208,TTC-G5,30.02,31.55
BH-216,TTC-G6,30,33.1
BH-217,TTC-G6,31.55,35.2
BH-190,FILL,0.83,1.83
BH-192,TTC-G5,55.8,59.1
BH-040,TTC-G3N,7.16,8.69
BH-118,TTC-G5,58.98,59.89
BH-062,TTC-G3N,0.91,5.64
BH-074,TTC-G5,20.4,22.86
BH-077,TTC-G5,52.72,61.52
BH-085,TTC-G5,17.8,20
BH-085,TTC-G5,20,22.25
